Tahun_sipsn,Provinsi,Kabupaten/Kota,Timbulan Sampah Tahunan (ton/tahun)(A),Pengurangan Sampah Tahunan (ton/tahun)(B),%Pengurangan Sampah(B/A),Penanganan Sampah Tahunan (ton/tahun)(C),%Penanganan Sampah(C/A),Sampah Terkelola Tahunan (ton/tahun)(B+C),%Sampah Terkelola(B+C)/A,Daur ulang Sampah Tahunan (ton/tahun)(D),Bahan baku Sampah Tahunan (ton/tahun)(E),Recycling Rate(D+E)/A,P1/P2,Unnamed: 0,Tahun_tpa,P,Nama Fasilitas,Jenis,Status,Sampahmasuk (ton/thn),Sampahmasuk Landfill (ton/thn),Sampah Organikterolah (ton/thn),Sampah An-Organikterolah (ton/thn),RecoveryPemulung (ton/thn),Energi(MW),Alamat,Kelurahan,Kecamatan,Pengelola,Luas (hektar),Sistem Operasional,Tgl Awal Operasi,Tgl. Akhir Operasi,Luas Landfill Aktif (m2),Pencatatan,Jembatan Timbang,Penutupan Sampah Zona Aktif,Jml Sumur Pantau,IPL,Jml Uji Lindi,Ada Drainase,Pemanfaatan Gas Metana,Jumlah KK yang memanfaatkan gas Metana
2025.0,Aceh,Kab. Aceh Barat,30802.93,0.61,0.0,22909.85,74.38,22910.46,74.38,0.0,2915.15,9.46,P 1,,2025.0,2.0,TPA Gunong Mata Ie,TPA Pemda (Non Regional),A,20126.1,19761.1,0.0,0.0,365.0,0.0,"Gampong Paya Baro Ranto Panyang, Kec. Meureubo - Kabupaten Aceh Barat",,,Pemda DATI II,10,Control Landfill,2022,-,10000,Manual Book,Ada tapi sedang rusak,Tiga hari sekali atau seminggu dua kali,1,"Ada, Instalasi Pengolahan Air Lindi (IPAL) di TPA berupa kolam pengendapan dan proses biologi, masih berfungsi baik dan terawat.",-,ADA,Tidak ada. Gas Metana dibakar.,-
2025.0,Aceh,Kab. Aceh Barat Daya,29444.55,228.13,0.77,299.3,1.02,527.43,1.79,228.13,299.3,1.79,P 1,,2025.0,1.0,TPA Ikhu lhung,TPA Pemda (Non Regional),A,6935.0,6935.0,0.0,0.0,0.0,0.0,Ikhu Lhung Jeumpa,I khu lhung,jeumpa,Pemda DATI II,0,Open Dumping,2013,-,3833,Kombinasi timbangan dengan Komputer (excel / tidak otomatis),Ada dan berfungsi dengan baik,Tiga hari sekali atau seminggu dua kali,1,-,-,ADA,-,-
2025.0,Aceh,Kab. Aceh Besar,55435.47,4.62,0.01,1144.16,2.06,1148.78,2.07,0.0,1144.16,2.06,P 1,,,,,,,,,,,,,,,,,,,,,,,,,,,,,,
2025.0,Aceh,Kab. Aceh Jaya,18506.78,0.0,0.0,280.8,1.52,280.8,1.52,0.0,280.8,1.52,P 1,,2025.0,1.0,TPA Gunong Tanggoh,TPA Pemda (Non Regional),A,7413.15,7340.15,0.0,0.0,73.0,0.0,Gampong Keutapang,,,Pemda DATI II,5,Open Dumping,2015,-,5000,Manual Book,Tidak Ada,Setahun Sekali,1,"Ada, Instalasi Pengolahan Air Lindi (IPAL) di TPA berupa kolam pengendapan dan proses biologi, masih berfungsi baik dan terawat.",-,ADA,-,-
2025.0,Aceh,Kab. Aceh Jaya,18506.78,0.0,0.0,280.8,1.52,280.8,1.52,0.0,280.8,1.52,P 1,,2025.0,1.0,TPA BABAH IE,TPA Pemda (Non Regional),A,2847.0,2810.5,0.0,0.0,36.5,0.0,Gampong Babah Ie,,,Pemda DATI II,1.5,Open Dumping,2006,-,5000,Manual Book,Tidak Ada,Setahun Sekali,-,"Ada, Instalasi Pengolahan Air Lindi (IPAL) di TPA tetapi sudah rusak atau tidak berfungsi dengan baik dan tidak terawat",-,ADA,-,-
2025.0,Aceh,Kab. Aceh Selatan,35331.12,0.0,0.0,18.62,0.05,18.62,0.05,0.0,18.62,0.05,P 1,,2025.0,2.0,TPA PASIE RAJA,TPA Pemda (Non Regional),A,12775.0,12636.3,0.0,0.0,138.7,0.0,Pasie Rasian,Pasie Rasian,Pasie Raja,Pemda DATI II,5.3,Open Dumping,-,-,20,-,Ada tapi sedang rusak,-,1,"Ada, Instalasi Pengolahan Air Lindi (IPAL) di TPA hanya berupa kolam pengendapan saja tanpa proses biologi atau proses kimia, masih berfungsi baik dan terawat.",-,ADA,-,-
2025.0,Aceh,Kab. Aceh Singkil,20440.0,0.0,0.0,2343.2,11.46,2343.2,11.46,0.0,2343.2,11.46,P 1,,2025.0,2.0,TPA Kabupaten Aceh Singkil,TPA Pemda (Non Regional),A,4197.5,4015.0,0.0,0.0,182.5,0.0,Desa Kampung Baru Kecamatan Singkil Utara,,,Pemda DATI II,6.15,Open Dumping,-,-,8800,Manual Book,Tidak Ada,Tidak ditutup sama sekali,-,"Ada, Instalasi Pengolahan Air Lindi (IPAL) di TPA tetapi sudah rusak atau tidak berfungsi dengan baik dan tidak terawat",-,TIDAK ADA,-,-
2025.0,Aceh,Kab. Aceh Tamiang,46213.96,78.16,0.17,1271.35,2.75,1349.51,2.92,0.0,1271.35,2.75,P 1,,2025.0,1.0,TPA Kampung Durian,TPA Pemda (Non Regional),A,8121.25,3821.55,547.5,1277.5,2474.7,0.0,Dusun Subur Kampung Durian Kecamatan Rantau Kabupaten Aceh Tamiang,Durian,Rantau,Pemda DATI II,5.2,-,2010,-,5200,Kombinasi timbangan dengan Komputer (excel / tidak otomatis),Ada dan berfungsi dengan baik,Tujuh hari sekali atau Seminggu Sekali,2,"Ada, Instalasi Pengolahan Air Lindi (IPAL) di TPA hanya berupa kolam pengendapan saja tanpa proses biologi atau proses kimia, masih berfungsi baik dan terawat.",1,ADA,Tidak ada. Gas Metana dibakar.,-
2025.0,Aceh,Kab. Aceh Tengah,41601.58,0.0,0.0,1109.97,2.67,1109.97,2.67,0.0,1109.97,2.67,P 1,,2025.0,2.0,TPA Uwer Tetemi,TPA Pemda (Non Regional),A,23360.0,22630.0,0.0,0.0,730.0,0.0,Jl Mulie jadi Terang Engon,Mulie Jadi,Silih Nara,Pemda DATI II,9,Open Dumping,26 Februari 2016,-,2,Manual Book,Tidak Ada,Tidak ditutup sama sekali,3,"Ada, Instalasi Pengolahan Air Lindi (IPAL) di TPA tetapi sudah rusak atau tidak berfungsi dengan baik dan tidak terawat",-,TIDAK ADA,Tidak ada. Gas Metana dibakar.,-
2025.0,Aceh,Kab. Aceh Tenggara,42994.99,0.0,0.0,0.0,0.0,0.0,0.0,0.0,0.0,0.0,P 1,,2025.0,2.0,TPA SELAMAT INDAH,TPA Pemda (Non Regional),A,10022.9,7796.4,36.5,0.0,2190.0,0.0,DESA SELAMAT INDAH,,,Pemda DATI II,48.39,Open Dumping,TAHUN 2013,-,5913.6,Kombinasi timbangan dengan Komputer (excel / tidak otomatis),Ada dan berfungsi dengan baik,Sebulan sekali,4,"Ada, Instalasi Pengolahan Air Lindi (IPAL) di TPA hanya berupa kolam pengendapan saja tanpa proses biologi atau proses kimia, masih berfungsi baik dan terawat.",-,ADA,Tidak ada. Gas Metana dibakar.,-
2025.0,Aceh,Kab. Aceh Timur,67363.09,1.88,0.0,21109.05,31.34,21110.93,31.34,0.0,861.4,1.28,P 1,,2025.0,2.0,TPA Lhok Tujoh,TPA Pemda (Non Regional),A,20495.29,20312.79,0.0,0.0,182.5,0.0,Gampong Seuneubok Teungoh,,,Pemda DATI II,5,Open Dumping,2016,-,42000,Manual Book,Tidak Ada,Tiga atau Empat Bulan Sekali,-,"Ada, Instalasi Pengolahan Air Lindi (IPAL) di TPA tetapi sudah rusak atau tidak berfungsi dengan baik dan tidak terawat",-,TIDAK ADA,-,-
2025.0,Aceh,Kab. Aceh Timur,67363.09,1.88,0.0,21109.05,31.34,21110.93,31.34,0.0,861.4,1.28,P 1,,2025.0,2.0,TPA BIREM BAYEUN,TPA Pemda (Non Regional),A,9072.41,8962.91,0.0,0.0,109.5,0.0,"Jalan Banda Aceh-Medan, Lorong Pipa",,,Pemda DATI II,2.06,Open Dumping,2011,-,15000,Manual Book,Tidak Ada,Dua minggu sekali,-,Tidak ada Instalasi Pengolahan Air Lindi (IPAL) di TPA,-,TIDAK ADA,-,-
2025.0,Aceh,Kab. Aceh Utara,116983.78,0.0,0.0,1444.15,1.23,1444.15,1.23,0.0,1444.15,1.23,P 1,,2025.0,2.0,TPA TEUPIN KEUBEU,TPA Pemda (Non Regional),A,18067.5,17337.5,0.0,0.0,730.0,0.0,Jalan Bukit Hagu Gampong Seuneubok Dalam Kecamatan Lhoksukon Kabupaten Aceh Utara,,,Pemda DATI II,32,Open Dumping,1 Maret 2008,-,4500,Manual Book,Ada tapi sedang rusak,Tidak ditutup sama sekali,1,-,-,TIDAK ADA,-,-
2025.0,Aceh,Kab. Bener Meriah,25117.26,13.23,0.05,11585.4,46.13,11598.62,46.18,0.0,2190.3,8.72,P 1,,2025.0,1.0,TPA Uber-Uber,TPA Pemda (Non Regional),A,9395.1,8665.1,0.0,0.0,730.0,0.0,Desa Perumpakan Benjadi,,,Pemda DATI II,10,Control Landfill,2020,-,500,Manual Book,Tidak Ada,Tiga hari sekali atau seminggu dua kali,-,Tidak ada Instalasi Pengolahan Air Lindi (IPAL) di TPA,-,ADA,Tidak ada. Gas Metana dibakar.,-
2025.0,Aceh,Kab. Bireuen,59840.29,0.0,0.0,10037.5,16.77,10037.5,16.77,0.0,10037.5,16.77,P 1,,2025.0,1.0,TPS Blang Beururu,TPA Pemda (Non Regional),A,27615.9,27615.9,0.0,0.0,0.0,0.0,"Desa Blang Beururu, Kecamatan Peudada, Kabupaten Bireuen",,,Pemda DATI II,1164,Open Dumping,1 Januari 2019,-,0,Manual Book,Tidak Ada,Tidak ditutup sama sekali,-,Tidak ada Instalasi Pengolahan Air Lindi (IPAL) di TPA,-,ADA,Tidak ada. Gas Metana dibakar.,-
2025.0,Aceh,Kab. Gayo Lues,15308.98,0.0,0.0,547.5,3.58,547.5,3.58,0.0,547.5,3.58,P 1,,2025.0,2.0,TPA Blangnangka,TPA Pemda (Non Regional),A,9125.0,8760.0,0.0,0.0,365.0,0.0,Kampung Akul,Sekuelen,Blang Jerango,Pemda DATI II,5,Open Dumping,01/01/2014,-,400,Manual Book,Tidak Ada,Sebulan sekali,2,"Ada, Instalasi Pengolahan Air Lindi (IPAL) di TPA hanya berupa kolam pengendapan saja tanpa proses biologi atau proses kimia, masih berfungsi baik dan terawat.",-,ADA,Tidak ada. Gas Metana dibakar.,-
2025.0,Aceh,Kab. Nagan Raya,26441.04,8.79,0.03,18176.13,68.74,18184.92,68.78,0.58,6751.63,25.54,P 1,,2025.0,2.0,TPA BABAH DUA,TPA Pemda (Non Regional),A,9891.5,9698.05,182.5,0.0,10.95,0.0,BABAH DUA,,,Pemda DATI II,10.5,Control Landfill,2016,2036,10000,Kombinasi timbangan dengan Komputer (excel / tidak otomatis),Ada dan berfungsi dengan baik,Tujuh hari sekali atau Seminggu Sekali,1,"Ada, Instalasi Pengolahan Air Lindi (IPAL) di TPA hanya berupa kolam pengendapan saja tanpa proses biologi atau proses kimia, masih berfungsi baik dan terawat.",111,ADA,Tidak ada. Gas Metana dibakar.,-
2025.0,Aceh,Kab. Pidie,66713.53,0.0,0.0,2040.46,3.06,2040.46,3.06,0.0,2040.46,3.06,P 1,,2025.0,2.0,TPA Cot Padang Lila,TPA Pemda (Non Regional),A,19403.4,19403.4,0.0,0.0,0.0,0.0,"Tunong Tanjong, Padang Tiji, Pidie Regency, Aceh",Gampong Tunong Tanjong,Padang Tiji,Pemda DATI II,4.55,Control Landfill,17-10-2012,30 Juni 2022,35000,Manual Book,Tidak Ada,Tujuh hari sekali atau Seminggu Sekali,2,"Ada, Instalasi Pengolahan Air Lindi (IPAL) di TPA berupa kolam pengendapan dan proses biologi, masih berfungsi baik dan terawat.",1,ADA,-,-
,Aceh,Kab. Pidie Jaya,,,,,,,,,,,,,2025.0,2.0,TPA BLANG AWE,TPA Pemda (Non Regional),A,7300.0,7300.0,0.0,0.0,0.0,0.0,BLANG AWE KECAMATAN MEUREUDU,,,Pemda DATI II,10,Open Dumping,JANUARI 2012,-,-,Manual Book,Tidak Ada,Tidak ditutup sama sekali,-,Tidak ada Instalasi Pengolahan Air Lindi (IPAL) di TPA,-,TIDAK ADA,Tidak ada. Gas Metana dibakar.,-
2025.0,Aceh,Kab. Simeulue,16874.05,0.0,0.0,769.3,4.56,769.3,4.56,0.0,769.3,4.56,P 1,,2025.0,2.0,TPA Suak Buluh,TPA Pemda (Non Regional),A,6807.25,6752.5,0.0,18.25,36.5,0.0,Jln. PDKS,Suak Buluh,Simeulue Timur,Pemda DATI II,5.62,Open Dumping,15 November 2017,-,6376,Manual Book,Tidak Ada,Sebulan sekali,2,"Ada, Instalasi Pengolahan Air Lindi (IPAL) di TPA hanya berupa kolam pengendapan saja tanpa proses biologi atau proses kimia, masih berfungsi baik dan terawat.",2,ADA,Tidak ada. Gas Metana dibakar.,-
2025.0,Aceh,Kota Banda Aceh,88025.52,839.61,0.95,14562.46,16.54,15402.07,17.5,834.11,14562.46,17.49,P 1,,2025.0,2.0,TPA Regional Blang Bintang,TPA Regional,A,28152.45,28152.45,0.0,0.0,0.0,0.0,Jl. Radar Km 08,Data Makmur,Blang Bintang,Pemda DATI I,206,Open Dumping,13 April,-,20000,Kombinasi timbangan dengan Komputer (excel / tidak otomatis),Ada dan berfungsi dengan baik,Dua minggu sekali,2,"Ada, Instalasi Pengolahan Air Lindi (IPAL) di TPA hanya berupa kolam pengendapan saja tanpa proses biologi atau proses kimia, masih berfungsi baik dan terawat.",4,ADA,Untuk Energi Listrik,-
2025.0,Aceh,Kota Banda Aceh,88025.52,839.61,0.95,14562.46,16.54,15402.07,17.5,834.11,14562.46,17.49,P 1,,2025.0,2.0,TPA Kota Banda Aceh,TPA Pemda (Non Regional),A,42226.85,41635.55,0.0,0.0,591.3,0.0,Jl. Tgk Dianjong,Gampong Jawa,Kuta Raja,,23.3,Control Landfill,Januari 2010,-,9500,Kombinasi timbangan dengan Komputer (excel / tidak otomatis),Ada dan berfungsi dengan baik,Tujuh hari sekali atau Seminggu Sekali,3,"Ada, Instalasi Pengolahan Air Lindi (IPAL) di TPA berupa kolam pengendapan dan proses biologi, masih berfungsi baik dan terawat.",3,ADA,Untuk Energi Listrik,-
2025.0,Aceh,Kota Langsa,33564.31,514.1,1.53,21363.65,63.65,21877.75,65.18,5.84,843.72,2.53,P 1,,2025.0,2.0,TPA Kota Langsa,TPA Pemda (Non Regional),A,21019.26,20825.81,63.88,129.58,0.0,0.0,Jalan Kebun Ireng,Pondok Keumuning,Langsa Lama,Pemda DATI II,0,Control Landfill,2008,-,10500,Kombinasi timbangan dengan Komputer (excel / tidak otomatis),Ada dan berfungsi dengan baik,Tiga hari sekali atau seminggu dua kali,2,"Ada, Instalasi Pengolahan Air Lindi (IPAL) di TPA berupa kolam pengendapan dan proses biologi, masih berfungsi baik dan terawat.",1,ADA,Tidak ada. Gas Metana dibakar.,-
2025.0,Aceh,Kota Lhokseumawe,37239.37,0.0,0.0,0.0,0.0,0.0,0.0,0.0,0.0,0.0,P 1,,,,,,,,,,,,,,,,,,,,,,,,,,,,,,
2025.0,Aceh,Kota Sabang,7716.16,0.0,0.0,5391.05,69.87,5391.05,69.87,0.0,0.0,0.0,P 1,,2025.0,2.0,TPA LHOK BATEE,TPA Pemda (Non Regional),A,5391.05,5391.05,0.0,0.0,0.0,0.0,JALAN SABANG BALOHAN JORONG LHOK BATEE,GAMPONG COT ABEUK,SUKAJAYA,Pemda DATI II,5.14,Control Landfill,2000,2024,5400,Manual Book,Tidak Ada,Sebulan sekali,1,"Ada, Instalasi Pengolahan Air Lindi (IPAL) di TPA tetapi sudah rusak atau tidak berfungsi dengan baik dan tidak terawat",1,ADA,-,-
2025.0,Aceh,Kota Subulussalam,19263.42,0.0,0.0,109.5,0.57,109.5,0.57,0.0,109.5,0.57,P 1,,2025.0,2.0,TPA SARKEA KOTA SUBULUSSALAM,TPA Pemda (Non Regional),A,12775.0,10950.0,0.0,0.0,1825.0,0.0,KAMPONG DANAU TRAS KECAMATAN SIMPANG KIRI,KAMPONG DANAU TRAS,SIMPANG KIRI,Pemda DATI II,6899,-,-,-,-,Manual Book,-,Tidak ditutup sama sekali,-,Tidak ada Instalasi Pengolahan Air Lindi (IPAL) di TPA,-,TIDAK ADA,-,-
2025.0,Bali,Kab. Badung,164871.08,9937.13,6.03,149373.0,90.6,159310.13,96.63,9937.13,47757.0,34.99,P 1,,2025.0,2.0,TPA Regional Sarbagita,TPA Regional,A,102200.0,102200.0,0.0,0.0,0.0,0.0,JL. TPA Suwung,Sesetan,Denpasar Selatan,Pemda DATI I,10,Open Dumping,-,2030,50000,Manual Book,Ada tapi sedang rusak,Sebulan sekali,3,"Ada, Instalasi Pengolahan Air Lindi (IPAL) di TPA berupa kolam pengendapan dan proses biologi serta proses kimia, masih berfungsi baik dan terawat.",1,ADA,Tidak ada. Gas Metana dibakar.,-
2025.0,Bali,Kab. Bangli,41683.73,2607.66,6.26,7694.94,18.46,10302.59,24.72,2586.85,7694.94,24.67,P 1,,2025.0,2.0,TPA BANGLI,TPA Pemda (Non Regional),A,26134.0,25623.0,0.0,0.0,511.0,0.0,JL. RAYA LANDIH,LANDIH,BANGLI,Pemda DATI II,4.75,Open Dumping,10 JANUARI 2008,-,10002,Manual Book,Tidak Ada,Tiga atau Empat Bulan Sekali,3,"Ada, Instalasi Pengolahan Air Lindi (IPAL) di TPA tetapi sudah rusak atau tidak berfungsi dengan baik dan tidak terawat",1,ADA,Tidak ada. Gas Metana dibakar.,-
2025.0,Bali,Kab. Buleleng,150779.68,0.0,0.0,111567.09,73.99,111567.09,73.99,0.0,16411.59,10.88,P 1,,2025.0,2.0,TPA Bengkala,TPA Pemda (Non Regional),A,101298.45,100776.5,292.0,120.45,109.5,0.0,Jln. Raya Singaraja-Kintamani,Desa Bungkulan,Sawan,Pemda DATI II,4.8,Control Landfill,1 Januari 2004,-,18342.61,Manual Book,Tidak Ada,Tiga hari sekali atau seminggu dua kali,2,"Ada, Instalasi Pengolahan Air Lindi (IPAL) di TPA hanya berupa kolam pengendapan saja tanpa proses biologi atau proses kimia, masih berfungsi baik dan terawat.",4,ADA,Tidak ada. Gas Metana dibakar.,-
2025.0,Bali,Kab. Gianyar,204765.0,28481.0,13.91,79550.37,38.85,108031.37,52.76,28481.0,52025.71,39.32,P 1,,2025.0,1.0,TPA Temesi,TPA Pemda (Non Regional),A,27524.65,27524.65,0.0,0.0,0.0,0.0,Jalar Raya Temesi,Temesi,Gianyar,Pemda DATI II,5.4,Control Landfill,-,-,15700,Kombinasi timbangan dengan Komputer (excel / tidak otomatis),Tidak Ada,Tujuh hari sekali atau Seminggu Sekali,-,"Ada, Instalasi Pengolahan Air Lindi (IPAL) di TPA tetapi sudah rusak atau tidak berfungsi dengan baik dan tidak terawat",-,ADA,-,-
2025.0,Bali,Kab. Jembrana,60384.32,95.05,0.16,15935.52,26.39,16030.57,26.55,5.84,12979.02,21.5,P 1,,2025.0,2.0,TPA Peh,TPA Pemda (Non Regional),A,19345.0,16717.0,0.0,0.0,2628.0,0.0,Banjar Peh,Kaliakah,Negara,Pemda DATI II,2,Open Dumping,-,-,7300,Manual Book,Ada dan berfungsi dengan baik,Tidak ditutup sama sekali,2,"Ada, Instalasi Pengolahan Air Lindi (IPAL) di TPA berupa kolam pengendapan dan proses biologi, masih berfungsi baik dan terawat.",12,ADA,-,-
2025.0,Bali,Kab. Karangasem,106506.31,580.72,0.55,9682.6,9.09,10263.31,9.64,580.72,9682.6,9.64,P 1,,2025.0,2.0,TPA BUTUS,TPA Pemda (Non Regional),A,10950.0,9052.0,730.0,1095.0,73.0,0.0,BR.DINAS BUTUS,BHUANA GIRI,BEBANDEM,Pemda DATI II,1,Open Dumping,1 Januari 2019,-,77,Manual Book,Ada tapi sedang rusak,Setahun Sekali,2,"Ada, Instalasi Pengolahan Air Lindi (IPAL) di TPA berupa kolam pengendapan dan proses biologi, masih berfungsi baik dan terawat.",3,ADA,Tidak ada. Gas Metana dibakar.,-
2025.0,Bali,Kab. Klungkung,41782.11,624.09,1.49,23426.93,56.07,24051.02,57.56,623.79,23231.66,57.09,P 1,,2025.0,2.0,TPA Sente,TPA Pemda (Non Regional),A,5591.07,5591.07,0.0,0.0,0.0,0.0,Dusun Sente,,,Pemda DATI II,0.98,Open Dumping,-,-,9800,Manual Book,Tidak Ada,Setahun Sekali,-,-,-,TIDAK ADA,-,-
2025.0,Bali,Kab. Klungkung,41782.11,624.09,1.49,23426.93,56.07,24051.02,57.56,623.79,23231.66,57.09,P 1,,2025.0,2.0,TPA Biaung,TPA Pemda (Non Regional),A,4221.22,4221.22,0.0,0.0,0.0,0.0,Dusun Biaung,,,Pemda DATI II,1.84,Open Dumping,-,-,17900,-,-,Setahun Sekali,-,-,-,TIDAK ADA,Tidak ada. Gas Metana dibakar.,-
2025.0,Bali,Kab. Klungkung,41782.11,624.09,1.49,23426.93,56.07,24051.02,57.56,623.79,23231.66,57.09,P 1,,2025.0,2.0,TPA Jungutbatu,TPA Pemda (Non Regional),A,1669.87,1669.87,0.0,0.0,0.0,0.0,Desa Jungutbatu,,,Pemda DATI II,0.9,Open Dumping,-,-,9000,-,Tidak Ada,-,-,-,-,TIDAK ADA,-,-
2025.0,Banten,Kab. Lebak,226522.8,104.83,0.05,35752.1,15.78,35856.93,15.83,0.0,6552.1,2.89,P 1,,2025.0,2.0,TPA Cihara,TPA Pemda (Non Regional),A,21900.0,20987.5,182.5,0.0,730.0,0.0,Jl. Raya Bayah,Pondok Panjang,Cihara,Lainnya,5,Open Dumping,-,-,-,Manual Book,Tidak Ada,Dua minggu sekali,-,Tidak ada Instalasi Pengolahan Air Lindi (IPAL) di TPA,-,ADA,-,-
2025.0,Banten,Kab. Lebak,226522.8,104.83,0.05,35752.1,15.78,35856.93,15.83,0.0,6552.1,2.89,P 1,,2025.0,2.0,TPA Dengung,TPA Pemda (Non Regional),A,32550.7,31638.2,182.5,0.0,730.0,0.0,Jn. Cipanas Raya,Sindangmulya,Maja,,9,Control Landfill,-,-,30,Kombinasi timbangan dengan Komputer (excel / tidak otomatis),Ada dan berfungsi dengan baik,Tujuh hari sekali atau Seminggu Sekali,1,"Ada, Instalasi Pengolahan Air Lindi (IPAL) di TPA hanya berupa kolam pengendapan saja tanpa proses biologi atau proses kimia, masih berfungsi baik dan terawat.",2,ADA,Tidak ada. Melepas gas Metana ke udara.,-
,Banten,Kota Serang,,,,,,,,,,,,,2025.0,2.0,Cilowong,TPA Pemda (Non Regional),A,145291.8,144090.95,0.0,1200.85,0.0,0.0,Kampung Pasir Gadung - Cikoak,Cilowong,Taktakan,Pemda DATI II,177,Control Landfill,1995,2026,-,Kombinasi timbangan dengan Komputer (excel / tidak otomatis),Ada dan berfungsi dengan baik,Tujuh hari sekali atau Seminggu Sekali,2,"Ada, Instalasi Pengolahan Air Lindi (IPAL) di TPA berupa kolam pengendapan dan proses biologi, masih berfungsi baik dan terawat.",1,ADA,Tidak ada. Gas Metana dibakar.,-
2025.0,Banten,Kota Tangerang,616032.52,863.55,0.14,54267.93,8.81,55131.47,8.95,676.35,34375.43,5.69,P 1,,2025.0,2.0,TPA Rawa Kucing,TPA Pemda (Non Regional),A,553267.02,553267.02,0.0,0.0,0.0,0.0,Jl. Iskandar Muda,Kedaung Wetan,Neglasari,Pemda DATI II,34.5,Open Dumping,2003,-,-,Otomatis Komputerisasi (Aplikasi Khusus TPA),Ada dan berfungsi dengan baik,Tidak ditutup sama sekali,3,"Ada, Instalasi Pengolahan Air Lindi (IPAL) di TPA berupa kolam pengendapan dan proses biologi, masih berfungsi baik dan terawat.",2,ADA,Tidak ada. Melepas gas Metana ke udara.,-
2025.0,Bengkulu,Kab. Bengkulu Tengah,22387.82,0.0,0.0,216.63,0.97,216.63,0.97,0.0,216.63,0.97,P 1,,,,,,,,,,,,,,,,,,,,,,,,,,,,,,
2025.0,Bengkulu,Kab. Bengkulu Utara,68313.98,1058.5,1.55,60126.66,88.02,61185.16,89.56,1058.5,45015.66,67.44,P 1,,2025.0,1.0,TPA Rama Agung,TPA Pemda (Non Regional),A,15111.0,12099.75,1496.5,0.0,1514.75,0.0,Jl. TPA,Desa Rama Agung,Arga Makmur,Pemda DATI II,4.7,Control Landfill,2010,-,20000,Manual Book,Tidak Ada,Tiga hari sekali atau seminggu dua kali,2,"Ada, Instalasi Pengolahan Air Lindi (IPAL) di TPA berupa kolam pengendapan dan proses biologi, masih berfungsi baik dan terawat.",4,ADA,Tidak ada. Gas Metana dibakar.,-
2025.0,Bengkulu,Kab. Lebong,16865.92,0.0,0.0,0.0,0.0,0.0,0.0,0.0,0.0,0.0,P 1,,2025.0,2.0,TPA,TPA Pemda (Non Regional),A,4380.0,4380.0,0.0,0.0,0.0,0.0,Desa Air kopras,Desa Air Kopras,Pinang Belapis,Pemda DATI II,1,Open Dumping,2012,2032,0,Manual Book,Tidak Ada,Tidak ditutup sama sekali,-,"Ada, Instalasi Pengolahan Air Lindi (IPAL) di TPA tetapi sudah rusak atau tidak berfungsi dengan baik dan tidak terawat",1,TIDAK ADA,-,-
2025.0,Bengkulu,Kab. Seluma,39695.03,0.0,0.0,1237.87,3.12,1237.87,3.12,0.0,825.42,2.08,P 1,,2025.0,2.0,TPA Talang Sali,TPA Pemda (Non Regional),A,303.2,303.2,0.0,0.0,0.0,0.0,Seluma Timur,,,Pemda DATI II,0,Open Dumping,-,-,8000,Manual Book,Tidak Ada,Tidak ditutup sama sekali,3,"Ada, Instalasi Pengolahan Air Lindi (IPAL) di TPA berupa kolam pengendapan dan proses biologi, masih berfungsi baik dan terawat.",-,ADA,-,-
2025.0,Bengkulu,Kota Bengkulu,73097.27,591.12,0.81,1987.9,2.72,2579.02,3.53,0.0,1568.15,2.15,P 1,,2025.0,2.0,TPA Air Sebakul,TPA Pemda (Non Regional),A,48752.14,48752.14,0.0,0.0,0.0,0.0,Air Sebakul Kelurahan Sukarami,,,Pemda DATI II,8.6,Open Dumping,1992,2032,20000,Manual Book,Tidak Ada,Tiga atau Empat Bulan Sekali,2,"Ada, Instalasi Pengolahan Air Lindi (IPAL) di TPA hanya berupa kolam pengendapan saja tanpa proses biologi atau proses kimia, masih berfungsi baik dan terawat.",1,ADA,Tidak ada. Gas Metana dibakar.,-
2025.0,DKI Jakarta,Kab. Adm. Kep. Seribu,6627.9,693.56,10.46,1721.25,25.97,2414.8,36.43,630.8,1721.25,35.49,P 1,,2025.0,2.0,TPST Bantargebang,TPA Regional,A,4927.51,4927.51,0.0,0.0,0.0,0.0,Jalan Raya Narogong Km. 14 Pangkalan V,"Cikiwul, Ciketing Udik, dan Sumur Batu",Bantargebang,,104.72,Open Dumping,1 Agustus 1989,-,609300,Otomatis Komputerisasi (Aplikasi Khusus TPA),Ada dan berfungsi dengan baik,Tiga atau Empat Bulan Sekali,-,-,-,TIDAK ADA,-,-
2025.0,DKI Jakarta,Kota Adm. Jakarta Barat,807966.6,86.04,0.01,212364.64,26.28,212450.67,26.29,82.68,198793.94,24.61,P 1,,2025.0,2.0,TPST Bantargebang,TPA Regional,A,465769.18,465769.18,0.0,0.0,0.0,0.0,Jalan Raya Narogong Km. 14 Pangkalan V,"Cikiwul, Ciketing Udik, dan Sumur Batu",Bantargebang,,104.72,Open Dumping,1 Agustus 1989,-,-,Otomatis Komputerisasi (Aplikasi Khusus TPA),Ada dan berfungsi dengan baik,Setahun Sekali,-,-,-,TIDAK ADA,-,-
2025.0,DKI Jakarta,Kota Adm. Jakarta Pusat,313203.39,67.13,0.02,63553.36,20.29,63620.49,20.31,67.13,35006.71,11.2,P 1,,2025.0,2.0,TPST Bantar Gebang,TPA Regional,A,218357.6,218357.6,0.0,0.0,0.0,0.0,Jalan Raya Narogong km 14 Pangkalan V,"Ciwikul, Ciketing Udik dan Sumur Batu",Bantar Gebang,Pemda DATI I,104.72,Open Dumping,1 Agustus 1989,-,-,Otomatis Komputerisasi (Aplikasi Khusus TPA),Ada dan berfungsi dengan baik,Setahun Sekali,-,-,-,TIDAK ADA,-,-
2025.0,DKI Jakarta,Kota Adm. Jakarta Selatan,731982.61,41.08,0.01,219920.75,30.04,219961.83,30.05,41.08,206776.73,28.25,P 1,,2025.0,2.0,TPA Bantar Gebang,TPA Regional,A,511874.18,511874.18,0.0,0.0,0.0,0.0,Jl. Raya Narogong Km.14,"Cikiwul, Ciketing",Bantar Gebang,Pemda DATI I,104.72,Open Dumping,1 AGUSTUS 1989,-,609300,Otomatis Komputerisasi (Aplikasi Khusus TPA),Ada dan berfungsi dengan baik,Setahun Sekali,2,"Ada, Instalasi Pengolahan Air Lindi (IPAL) di TPA berupa kolam pengendapan dan proses biologi serta proses kimia, masih berfungsi baik dan terawat.",109,ADA,Untuk Energi Listrik,-
2025.0,DKI Jakarta,Kota Adm. Jakarta Timur,866562.58,22652.71,2.61,320025.14,36.93,342677.85,39.54,22518.31,320025.14,39.53,P 1,,2025.0,2.0,TPST Bantar gebang,TPA Regional,A,532312.36,532312.36,0.0,0.0,0.0,0.0,Jalan Raya Narogong Km. 14 Pangkalan V,"Cikiwul, Ciketing Udik, dan Sumur Batu",BANTAR GEBANG,,104.72,Open Dumping,1 Agustus 1989,-,-,Otomatis Komputerisasi (Aplikasi Khusus TPA),Ada dan berfungsi dengan baik,Setahun Sekali,-,-,-,TIDAK ADA,-,-
2025.0,DKI Jakarta,Kota Adm. Jakarta Utara,624714.06,65.91,0.01,213222.63,34.13,213288.53,34.14,65.91,213222.63,34.14,P 1,,2025.0,2.0,TPST Bantargebang,TPA Regional,A,412085.0,412085.0,0.0,0.0,0.0,0.0,"Jalan Raya Narogong Km. 14 Pangkalan V  Cikiwul, Ciketing Udik, dan Sumur Batu","Cikiwul, Ciketing Udik, dan Sumur Batu",Bantar Gebang,Pemda DATI I,0,Open Dumping,-,-,-,Otomatis Komputerisasi (Aplikasi Khusus TPA),Ada dan berfungsi dengan baik,Setahun Sekali,-,-,-,TIDAK ADA,-,-
2025.0,Daerah Istimewa Yogyakarta,Kab. Bantul,153853.22,0.0,0.0,56300.91,36.59,56300.91,36.59,0.0,44860.35,29.16,P 1,,2025.0,2.0,TPST Piyungan,TPA Regional,A,5489.23,5489.23,0.0,0.0,0.0,0.0,Ngablak,Sitimulyo,Piyungan,Pemda DATI I,0,Control Landfill,-,-,40000,Kombinasi timbangan dengan Komputer (excel / tidak otomatis),Ada dan berfungsi dengan baik,Sebulan sekali,6,"Ada, Instalasi Pengolahan Air Lindi (IPAL) di TPA berupa kolam pengendapan dan proses biologi serta proses kimia, masih berfungsi baik dan terawat.",12,ADA,-,-
2025.0,Daerah Istimewa Yogyakarta,Kab. Gunungkidul,144124.84,33.06,0.02,39220.31,27.21,39253.37,27.24,31.09,18033.89,12.53,P 1,,2025.0,2.0,TPA Wukirsari,TPA Pemda (Non Regional),A,21279.5,17045.5,2737.5,1058.5,438.0,0.0,"Wukirsari, Baleharjo, Wonosari, Gunungkidul",Baleharjo,Wonosari,Pemda DATI II,9.1,Control Landfill,-,2021,17600,Kombinasi timbangan dengan Komputer (excel / tidak otomatis),Ada dan berfungsi dengan baik,Tujuh hari sekali atau Seminggu Sekali,2,"Ada, Instalasi Pengolahan Air Lindi (IPAL) di TPA berupa kolam pengendapan dan proses biologi, masih berfungsi baik dan terawat.",2,ADA,Untuk Bahan Bakar,10
2025.0,Daerah Istimewa Yogyakarta,Kab. Kulon Progo,79262.33,16937.48,21.37,23380.93,29.5,40318.41,50.87,16480.39,12284.93,36.29,P 1,,2025.0,2.0,TPA Banyuroto,TPA Pemda (Non Regional),A,11581.45,9318.45,985.5,292.0,985.5,0.0,"Banyuroto, Nanggulan,Kulon Progo",Banyuroto,Nanggulan,Pemda DATI II,4.29,Control Landfill,1 September 2010,-,5400,Kombinasi timbangan dengan Komputer (excel / tidak otomatis),Ada dan berfungsi dengan baik,Setiap hari,4,"Ada, Instalasi Pengolahan Air Lindi (IPAL) di TPA berupa kolam pengendapan dan proses biologi, masih berfungsi baik dan terawat.",-,ADA,Untuk Bahan Bakar,16
2025.0,Daerah Istimewa Yogyakarta,Kab. Sleman,213633.38,1129.49,0.53,43759.83,20.48,44889.31,21.01,1129.49,25042.63,12.25,P 1,,2025.0,2.0,TPA Piyungan (Regional),TPA Regional,A,1688.13,1688.13,0.0,0.0,0.0,0.0,Ngablak,Sitimulyo,Piyungan,Pemda DATI I,12.5,Control Landfill,-,-,40000,Otomatis Komputerisasi (Aplikasi Khusus TPA),Ada dan berfungsi dengan baik,Sebulan sekali,6,"Ada, Instalasi Pengolahan Air Lindi (IPAL) di TPA tetapi sudah rusak atau tidak berfungsi dengan baik dan tidak terawat",12,ADA,Tidak ada. Gas Metana dibakar.,-
2025.0,Daerah Istimewa Yogyakarta,Kota Yogyakarta,109733.6,100.5,0.09,88394.91,80.55,88495.41,80.65,100.5,38862.89,35.51,P 1,,2025.0,2.0,TPST Piyungan (Regional),TPA Regional,A,22808.85,22808.85,0.0,0.0,0.0,0.0,Ngablak,Sitimulyo,Piyungan,Pemda DATI I,12.5,Control Landfill,-,-,100,Otomatis Komputerisasi (Aplikasi Khusus TPA),Ada dan berfungsi dengan baik,Tiga hari sekali atau seminggu dua kali,-,"Ada, Instalasi Pengolahan Air Lindi (IPAL) di TPA tetapi sudah rusak atau tidak berfungsi dengan baik dan tidak terawat",-,ADA,Tidak ada. Gas Metana dibakar.,-
2025.0,Gorontalo,Kab. Bone Bolango,19139.29,514.04,2.69,2235.56,11.68,2749.59,14.37,91.32,2235.56,12.16,P 1,,2025.0,1.0,TPA RIGIONAL TALUMELITO PROVINSI GORONTALO,TPA Regional,A,3058.7,2690.05,0.0,0.0,368.65,0.0,JL. GOR DESA TALUMELITO KECAMATAN TELAGA KABUPATEN GORONTALO,,,Pemda DATI I,0,-,-,-,-,Kombinasi timbangan dengan Komputer (excel / tidak otomatis),Ada dan berfungsi dengan baik,Setiap hari,-,-,-,TIDAK ADA,-,-
2025.0,Gorontalo,Kota Gorontalo,52327.68,9.98,0.02,32819.97,62.72,32829.95,62.74,0.0,5809.97,11.1,P 1,,2025.0,2.0,TPA TALUMELITO,TPA Regional,A,27192.5,27064.75,36.5,36.5,54.75,0.0,TALUMELITO,TALUMELITO,TELAGA BIRU,,0,Control Landfill,-,-,1.3,Kombinasi timbangan dengan Komputer (excel / tidak otomatis),Ada dan berfungsi dengan baik,Tujuh hari sekali atau Seminggu Sekali,1,-,-,ADA,-,-
2025.0,Jambi,Kab. Batanghari,46761.03,0.0,0.0,0.0,0.0,0.0,0.0,0.0,0.0,0.0,P 1,,2025.0,2.0,TPA AMD MUARA BULIAN,TPA Pemda (Non Regional),A,10187.15,8306.48,365.0,0.0,1515.67,0.0,Jl.AMD,,,Pemda DATI II,12.42,Open Dumping,16 Oktober 2016,-,13221.86,Manual Book,Ada dan berfungsi dengan baik,Setahun Sekali,3,"Ada, Instalasi Pengolahan Air Lindi (IPAL) di TPA hanya berupa kolam pengendapan saja tanpa proses biologi atau proses kimia, masih berfungsi baik dan terawat.",-,ADA,Tidak ada. Gas Metana dibakar.,-
2025.0,Jambi,Kota Sungai Penuh,18703.15,55.62,0.3,5624.64,30.07,5680.26,30.37,54.75,5624.64,30.37,P 1,,2025.0,1.0,TPST RENAH PADANG TINGGI,,A,12045.0,12041.35,0.0,0.0,3.65,0.0,"Renah Padang Tinggi, Desa Sungai Ning, Kec. Sungai Bungkal, Sungai Penuh, Jambi",,,,0,-,-,-,-,Manual Book,Tidak Ada,Tidak ditutup sama sekali,-,Tidak ada Instalasi Pengolahan Air Lindi (IPAL) di TPA,-,TIDAK ADA,-,-
,Jawa Barat,Kab. Bandung Barat,,,,,,,,,,,,,2025.0,2.0,TPA Regional TPAS Sarimukti,TPA Regional,A,49658.25,45906.05,0.0,0.0,3752.2,0.0,Desa Sarimukti,,,Pemda DATI I,0,Open Dumping,-,-,200000,Manual Book,Ada tapi sedang rusak,Sebulan sekali,3,"Ada, Instalasi Pengolahan Air Lindi (IPAL) di TPA berupa kolam pengendapan dan proses biologi serta proses kimia, masih berfungsi baik dan terawat.",255,ADA,Tidak ada. Gas Metana dibakar.,-
2025.0,Jawa Barat,Kab. Bekasi,836473.27,0.0,0.0,9171.53,1.1,9171.53,1.1,0.0,9171.53,1.1,P 1,,,,,,,,,,,,,,,,,,,,,,,,,,,,,,
2025.0,Jawa Barat,Kab. Bogor,1037020.3,22051.89,2.13,318660.69,30.73,340712.58,32.85,22051.89,318642.44,32.85,P 1,,,,,,,,,,,,,,,,,,,,,,,,,,,,,,
2025.0,Jawa Barat,Kab. Ciamis,184884.18,2203.6,1.19,149893.3,81.07,152096.91,82.27,498.04,120620.3,65.51,P 1,,2025.0,2.0,TPA CIMINYAK,TPA Pemda (Non Regional),A,22973.1,22622.7,105.85,244.55,0.0,0.0,Blok Sabuk Dusun Babakan Ciminyak dan Dusun Ciminyak Desa Karyamulya,,,Pemda DATI II,14.12,Sanitary Landfill,13 Januari 2023,-,15000,Otomatis Komputerisasi (Aplikasi Khusus TPA),Ada dan berfungsi dengan baik,Tiga hari sekali atau seminggu dua kali,2,"Ada, Instalasi Pengolahan Air Lindi (IPAL) di TPA berupa kolam pengendapan dan proses biologi, masih berfungsi baik dan terawat.",4,ADA,Tidak ada. Melepas gas Metana ke udara.,-
2025.0,Jawa Barat,Kab. Ciamis,184884.18,2203.6,1.19,149893.3,81.07,152096.91,82.27,498.04,120620.3,65.51,P 1,,2025.0,2.0,TPA BANJARANYAR,TPA Pemda (Non Regional),A,6570.0,6376.55,102.2,91.25,0.0,0.0,Cigayam rt/rw 024/006,Sindang rasa,Banjaranyar,Pemda DATI II,5,Sanitary Landfill,2015,-,1000,Otomatis Komputerisasi (Aplikasi Khusus TPA),Ada dan berfungsi dengan baik,Tiga hari sekali atau seminggu dua kali,2,"Ada, Instalasi Pengolahan Air Lindi (IPAL) di TPA hanya berupa kolam pengendapan saja tanpa proses biologi atau proses kimia, masih berfungsi baik dan terawat.",4,ADA,Untuk Bahan Bakar,-
2025.0,Jawa Barat,Kab. Cianjur,400161.44,3736.29,0.93,9001.71,2.25,12737.99,3.18,3711.69,9001.71,3.18,P 1,,2025.0,1.0,TPST Mekarsari,TPA Pemda (Non Regional),A,83906.2,78204.9,3285.0,1825.0,591.3,0.0,Jl. Sirnarasa-Mekargalih,,,Pemda DATI II,2.7,Open Dumping,01 Maret 2024,-,40000,Otomatis Komputerisasi (Aplikasi Khusus TPA),Ada dan berfungsi dengan baik,Tiga atau Empat Bulan Sekali,3,"Ada, Instalasi Pengolahan Air Lindi (IPAL) di TPA berupa kolam pengendapan dan proses biologi, masih berfungsi baik dan terawat.",4,ADA,Tidak ada. Gas Metana dibakar.,-
2025.0,Jawa Barat,Kab. Cirebon,456230.47,0.0,0.0,9050.88,1.98,9050.88,1.98,0.0,9050.88,1.98,P 1,,2025.0,2.0,TPAS Kubangdeleg,TPA Pemda (Non Regional),A,27061.1,27009.63,0.0,0.0,51.47,0.0,Desa Kubangdeleg,,,Pemda DATI II,88,Open Dumping,5 September 2023,-,16700,Kombinasi timbangan dengan Komputer (excel / tidak otomatis),Ada dan berfungsi dengan baik,Dua minggu sekali,2,"Ada, Instalasi Pengolahan Air Lindi (IPAL) di TPA hanya berupa kolam pengendapan saja tanpa proses biologi atau proses kimia, masih berfungsi baik dan terawat.",-,ADA,Tidak ada. Gas Metana dibakar.,-
2025.0,Jawa Barat,Kab. Cirebon,456230.47,0.0,0.0,9050.88,1.98,9050.88,1.98,0.0,9050.88,1.98,P 1,,2025.0,2.0,TPA Gunungsantri,TPA Pemda (Non Regional),A,92578.6,92004.82,0.0,0.0,573.78,0.0,Jl. Kepuh-Kedongdong,Kepuh,Palimanan,Lainnya,4.2,Open Dumping,1986,2021,22000,Kombinasi timbangan dengan Komputer (excel / tidak otomatis),Tidak Ada,Dua minggu sekali,-,"Ada, Instalasi Pengolahan Air Lindi (IPAL) di TPA tetapi sudah rusak atau tidak berfungsi dengan baik dan tidak terawat",-,ADA,Tidak ada. Gas Metana dibakar.,-
2025.0,Jawa Barat,Kab. Garut,423450.24,0.0,0.0,57555.97,13.59,57555.97,13.59,0.0,57555.97,13.59,P 1,,2025.0,1.0,TPA Pasirbajing,TPA Pemda (Non Regional),A,90082.0,90082.0,0.0,0.0,0.0,0.0,Kp Pasir Bajing,,,Pemda DATI II,18,Open Dumping,-,-,-,Kombinasi timbangan dengan Komputer (excel / tidak otomatis),Ada dan berfungsi dengan baik,Sebulan sekali,1,"Ada, Instalasi Pengolahan Air Lindi (IPAL) di TPA berupa kolam pengendapan dan proses biologi, masih berfungsi baik dan terawat.",-,ADA,Tidak ada. Gas Metana dibakar.,-
2025.0,Jawa Barat,Kab. Indramayu,419174.73,1099.1,0.26,106962.85,25.52,108061.95,25.78,799.35,31839.28,7.79,P 1,,2025.0,2.0,TPA Kertawinangun,TPA Pemda (Non Regional),A,71102.0,70445.0,0.0,0.0,657.0,0.0,Desa Kertawinangun,,,Pemda DATI II,2.8,Control Landfill,2020,-,12600,Kombinasi timbangan dengan Komputer (excel / tidak otomatis),Ada dan berfungsi dengan baik,Tujuh hari sekali atau Seminggu Sekali,4,"Ada, Instalasi Pengolahan Air Lindi (IPAL) di TPA berupa kolam pengendapan dan proses biologi, masih berfungsi baik dan terawat.",1,ADA,Tidak ada. Gas Metana dibakar.,-
2025.0,Jawa Barat,Kab. Indramayu,419174.73,1099.1,0.26,106962.85,25.52,108061.95,25.78,799.35,31839.28,7.79,P 1,,2025.0,2.0,TPA Pecuk,TPA Pemda (Non Regional),A,112493.0,106835.5,2372.5,0.0,3285.0,0.0,Jl. Nyi Resik Desa Panyindangan Kulon,,,Pemda DATI II,13.3,Open Dumping,2016,-,24000,Kombinasi timbangan dengan Komputer (excel / tidak otomatis),Ada dan berfungsi dengan baik,Dua minggu sekali,9,"Ada, Instalasi Pengolahan Air Lindi (IPAL) di TPA berupa kolam pengendapan dan proses biologi, masih berfungsi baik dan terawat.",-,ADA,Untuk Bahan Bakar,-
2025.0,Jawa Barat,Kab. Kuningan,182181.87,1952.28,1.07,17995.3,9.88,19947.58,10.95,0.0,17995.3,9.88,P 1,,2025.0,1.0,Tempat Pembuangan  Sampah Akhir,TPA Pemda (Non Regional),A,102502.95,86077.95,1825.0,10950.0,3650.0,1.0,Desa Ciniru Kecamatan Jalaksana,,,Pemda DATI II,5.5,Open Dumping,2000,-,4,Kombinasi timbangan dengan Komputer (excel / tidak otomatis),Ada dan berfungsi dengan baik,Sebulan sekali,1,"Ada, Instalasi Pengolahan Air Lindi (IPAL) di TPA hanya berupa kolam pengendapan saja tanpa proses biologi atau proses kimia, masih berfungsi baik dan terawat.",2,ADA,Tidak ada. Gas Metana dibakar.,-
,Jawa Barat,Kab. Subang,,,,,,,,,,,,,2025.0,2.0,TPA Jalupang,TPA Pemda (Non Regional),A,219000.0,215350.0,0.0,0.0,3650.0,0.0,Desa Jalupang,,,Pemda DATI II,14.16,-,-,-,21000,Manual Book,Ada tapi sedang rusak,Tidak ditutup sama sekali,-,-,-,TIDAK ADA,-,-
2025.0,Jawa Barat,Kab. Sumedang,179092.36,10.14,0.01,16963.16,9.47,16973.3,9.48,8.34,16963.16,9.48,P 1,,2025.0,2.0,TPAS Cibeureum,TPA Pemda (Non Regional),A,54202.5,53895.9,0.0,0.0,306.6,0.0,Cibeureum,,,Pemda DATI II,10,Open Dumping,-,-,62500,Kombinasi timbangan dengan Komputer (excel / tidak otomatis),Ada dan berfungsi dengan baik,Dua minggu sekali,2,"Ada, Instalasi Pengolahan Air Lindi (IPAL) di TPA hanya berupa kolam pengendapan saja tanpa proses biologi atau proses kimia, masih berfungsi baik dan terawat.",1,TIDAK ADA,Tidak ada. Gas Metana dibakar.,-
2025.0,Jawa Barat,Kota Banjar,31984.66,7439.56,23.26,22656.36,70.84,30095.92,94.09,7439.56,7260.66,45.96,P 1,,2025.0,2.0,TPA Cibeureum,TPA Pemda (Non Regional),A,16111.1,15815.45,98.55,0.0,197.1,0.0,Dusun Babakan,Cibeureum,Banjar,Pemda DATI II,10.3,Control Landfill,2007,-,5000,Kombinasi timbangan dengan Komputer (excel / tidak otomatis),Ada dan berfungsi dengan baik,Tiga hari sekali atau seminggu dua kali,4,"Ada, Instalasi Pengolahan Air Lindi (IPAL) di TPA tetapi sudah rusak atau tidak berfungsi dengan baik dan tidak terawat",12,ADA,Tidak ada. Gas Metana dibakar.,-
,Jawa Barat,Kota Bekasi,,,,,,,,,,,,,2025.0,2.0,TPA Sumur Batu,TPA Pemda (Non Regional),A,483822.11,483822.11,0.0,0.0,0.0,0.0,"Jl. Pangkalan II, No. 108",Sumur Batu,Bantar Gebang,Pemda DATI II,22,Open Dumping,-,-,107000,Kombinasi timbangan dengan Komputer (excel / tidak otomatis),Ada dan berfungsi dengan baik,Setahun Sekali,4,"Ada, Instalasi Pengolahan Air Lindi (IPAL) di TPA berupa kolam pengendapan dan proses biologi, masih berfungsi baik dan terawat.",4,ADA,Tidak ada. Gas Metana dibakar.,-
2025.0,Jawa Barat,Kota Bogor,275707.63,57517.39,20.86,198249.75,71.91,255767.13,92.77,57304.31,10274.75,24.51,P 1,,2025.0,2.0,TPA Galuga,TPA Pemda (Non Regional),A,185055.0,185055.0,0.0,0.0,0.0,0.0,"Kp.Lalamping, RT 05 / RW 08",Galuga,Cibungbulang,Pemda DATI II,38.7,Control Landfill,Januari 2010,Desember 2030,10500,Kombinasi timbangan dengan Komputer (excel / tidak otomatis),Ada dan berfungsi dengan baik,Sebulan sekali,1,"Ada, Instalasi Pengolahan Air Lindi (IPAL) di TPA berupa kolam pengendapan dan proses biologi serta proses kimia, masih berfungsi baik dan terawat.",2,ADA,Tidak ada. Gas Metana dibakar.,2
2025.0,Jawa Barat,Kota Cirebon,78969.28,43.51,0.06,8635.29,10.93,8678.8,10.99,2.96,8635.29,10.94,P 1,,2025.0,2.0,TPA Kopi Luhur Kota Cirebon,TPA Pemda (Non Regional),A,63980.06,62468.96,0.0,0.0,1511.1,0.0,Jl. Kopi Luhur,,,Pemda DATI II,142,Open Dumping,-,-,77073,Manual Book,Tidak Ada,Sebulan sekali,2,"Ada, Instalasi Pengolahan Air Lindi (IPAL) di TPA hanya berupa kolam pengendapan saja tanpa proses biologi atau proses kimia, masih berfungsi baik dan terawat.",2,ADA,-,-
,Jawa Barat,Kota Depok,,,,,,,,,,,,,2025.0,2.0,UPT TPA Cipayung,TPA Pemda (Non Regional),A,302950.0,299300.0,0.0,0.0,3650.0,0.0,Bulak Barat No.69 RT 01 RW 07,Cipayung,Cipayung,Pemda DATI II,18.26,Open Dumping,1992,2016,45000,Kombinasi timbangan dengan Komputer (excel / tidak otomatis),Ada dan berfungsi dengan baik,Setahun Sekali,3,"Ada, Instalasi Pengolahan Air Lindi (IPAL) di TPA tetapi sudah rusak atau tidak berfungsi dengan baik dan tidak terawat",9,ADA,Untuk Bahan Bakar,-
2025.0,Jawa Barat,Kota Tasikmalaya,121962.85,0.0,0.0,20160.14,16.53,20160.14,16.53,0.0,20160.14,16.53,P 1,,2025.0,2.0,TPA Ciangir,TPA Pemda (Non Regional),A,81961.74,81961.74,0.0,0.0,0.0,0.0,Jl. Cikadongdong,Tamansari,Tamansari,Pemda DATI II,6.5,Open Dumping,2002,-,40008,Manual Book,Ada tapi sedang rusak,Tiga atau Empat Bulan Sekali,1,"Ada, Instalasi Pengolahan Air Lindi (IPAL) di TPA hanya berupa kolam pengendapan saja tanpa proses biologi atau proses kimia, masih berfungsi baik dan terawat.",12,ADA,-,-
2025.0,Jawa Tengah,Kab. Boyolali,109791.6,394.78,0.36,66625.85,60.68,67020.62,61.04,394.78,22241.85,20.62,P 1,,2025.0,2.0,TPA WINONG,TPA Pemda (Non Regional),A,42778.0,41186.6,182.5,0.0,1408.9,0.0,Dk. Kuncen,Desa Winong,Boyolali,Lainnya,60,Control Landfill,1990,2027,5689,Otomatis Komputerisasi (Aplikasi Khusus TPA),Ada dan berfungsi dengan baik,Tujuh hari sekali atau Seminggu Sekali,3,"Ada, Instalasi Pengolahan Air Lindi (IPAL) di TPA berupa kolam pengendapan dan proses biologi, masih berfungsi baik dan terawat.",12,ADA,Tidak ada. Melepas gas Metana ke udara.,-
,Jawa Tengah,Kab. Brebes,,,,,,,,,,,,,2025.0,2.0,TPA Kalijurang,TPA Pemda (Non Regional),A,29200.0,29017.5,0.0,0.0,182.5,0.0,Desa Kalijurang,Desa Kalijurang,Tonjong,Pemda DATI II,2,Open Dumping,2004,2027,6000,Manual Book,Tidak Ada,Dua minggu sekali,2,Tidak ada Instalasi Pengolahan Air Lindi (IPAL) di TPA,-,ADA,-,-
,Jawa Tengah,Kab. Brebes,,,,,,,,,,,,,2025.0,2.0,TPA Kaliwlingi,TPA Pemda (Non Regional),A,54750.0,47085.0,365.0,0.0,7300.0,0.0,desa Kaliwlingi,desa kaliwlingi,brebes,Pemda DATI II,4,Open Dumping,2005,2026,15000,Manual Book,Ada tapi sedang rusak,Tidak ditutup sama sekali,2,"Ada, Instalasi Pengolahan Air Lindi (IPAL) di TPA berupa kolam pengendapan dan proses biologi, masih berfungsi baik dan terawat.",1,ADA,Tidak ada. Melepas gas Metana ke udara.,-
2025.0,Jawa Tengah,Kab. Demak,230903.38,3686.5,1.6,3113.77,1.35,6800.27,2.95,3686.5,3113.77,2.95,P 1,,2025.0,2.0,TPA BERAHAN KULON,TPA Pemda (Non Regional),A,43800.0,35040.0,1095.0,365.0,7300.0,0.0,"Babalan - Prawoto, Area Sawah, Berahan Wetan, Kec. Wedung, Kabupaten Demak, Jawa Tengah",,,Pemda DATI II,25.06,Open Dumping,2021,2035,11000,Kombinasi timbangan dengan Komputer (excel / tidak otomatis),Ada dan berfungsi dengan baik,Sebulan sekali,2,"Ada, Instalasi Pengolahan Air Lindi (IPAL) di TPA berupa kolam pengendapan dan proses biologi, masih berfungsi baik dan terawat.",1,ADA,Tidak ada. Gas Metana dibakar.,-
,Jawa Tengah,Kab. Jepara,,,,,,,,,,,,,2025.0,2.0,TPA Karimunjawa,TPA Pemda (Non Regional),A,803.0,781.15,18.72,3.13,0.0,0.0,Jl. Sunan Nyamplungan RT. 3/4,,,Pemda DATI II,1,Control Landfill,26 maret 2022,2033,848,Kombinasi timbangan dengan Komputer (excel / tidak otomatis),Ada dan berfungsi dengan baik,Tujuh hari sekali atau Seminggu Sekali,2,"Ada, Instalasi Pengolahan Air Lindi (IPAL) di TPA berupa kolam pengendapan dan proses biologi, masih berfungsi baik dan terawat.",-,ADA,-,-
,Jawa Tengah,Kab. Jepara,,,,,,,,,,,,,2025.0,2.0,TPA Bandengan Jepara,TPA Pemda (Non Regional),A,63108.5,59750.5,1168.0,0.0,2190.0,0.0,Jl. Syaikh Khidhir Al-Limboriy RT 02 RW 3,Bandengan,Jepara,Pemda DATI II,7.29,Control Landfill,1994,2023,11.19,Kombinasi timbangan dengan Komputer (excel / tidak otomatis),Ada dan berfungsi dengan baik,Tiga hari sekali atau seminggu dua kali,1,"Ada, Instalasi Pengolahan Air Lindi (IPAL) di TPA hanya berupa kolam pengendapan saja tanpa proses biologi atau proses kimia, masih berfungsi baik dan terawat.",90,ADA,Tidak ada. Melepas gas Metana ke udara.,-
,Jawa Tengah,Kab. Karanganyar,,,,,,,,,,,,,2025.0,2.0,TPA Sukosari Jumantono,TPA Pemda (Non Regional),A,54750.0,52833.75,0.0,0.0,1916.25,0.0,Desa Sukosari Kecamatan Jumantono,Sukosari,Jumantono,Pemda DATI II,5.6,Control Landfill,-,-,18000,Otomatis Komputerisasi (Aplikasi Khusus TPA),Ada dan berfungsi dengan baik,Tujuh hari sekali atau Seminggu Sekali,2,"Ada, Instalasi Pengolahan Air Lindi (IPAL) di TPA berupa kolam pengendapan dan proses biologi, masih berfungsi baik dan terawat.",1,ADA,Tidak ada. Gas Metana dibakar.,-
2025.0,Jawa Tengah,Kab. Klaten,239352.07,0.0,0.0,126005.61,52.64,126005.61,52.64,0.0,65415.61,27.33,P 1,,2025.0,2.0,2025 TPA KABUPATEN TROKETON,TPA Pemda (Non Regional),A,61320.0,57670.0,3650.0,0.0,0.0,0.0,TROKETON PEDAN,,,Pemda DATI II,9.05,Open Dumping,01-01-2018,01-01-2038,34559,Kombinasi timbangan dengan Komputer (excel / tidak otomatis),Ada dan berfungsi dengan baik,Dua minggu sekali,3,"Ada, Instalasi Pengolahan Air Lindi (IPAL) di TPA hanya berupa kolam pengendapan saja tanpa proses biologi atau proses kimia, masih berfungsi baik dan terawat.",1,ADA,Tidak ada. Gas Metana dibakar.,-
,Jawa Tengah,Kab. Magelang,,,,,,,,,,,,,2025.0,2.0,TPA KLEGEN,TPA Pemda (Non Regional),A,29787.65,29276.65,0.0,0.0,511.0,0.0,Jl.Grabag-Cokro Km.4 Pule Wayang,,,Pemda DATI II,1.2,Control Landfill,2004,-,643,Kombinasi timbangan dengan Komputer (excel / tidak otomatis),-,Tujuh hari sekali atau Seminggu Sekali,-,"Ada, Instalasi Pengolahan Air Lindi (IPAL) di TPA hanya berupa kolam pengendapan saja tanpa proses biologi atau proses kimia, masih berfungsi baik dan terawat.",2,ADA,-,-
,Jawa Tengah,Kab. Pati,,,,,,,,,,,,,2025.0,2.0,TPA Sukoharjo,TPA Pemda (Non Regional),A,68985.0,68437.5,182.5,0.0,365.0,0.0,Ds. Sukoharjo kec. Margorejo Kab. Pati,Sukoharjo,Margorejo,Pemda DATI II,12.5,Open Dumping,1 Desember 2017,1 Januari 2025,1.2,Kombinasi timbangan dengan Komputer (excel / tidak otomatis),Ada dan berfungsi dengan baik,Dua minggu sekali,4,"Ada, Instalasi Pengolahan Air Lindi (IPAL) di TPA berupa kolam pengendapan dan proses biologi, masih berfungsi baik dan terawat.",1,ADA,Tidak ada. Gas Metana dibakar.,-
,Jawa Tengah,Kab. Pekalongan,,,,,,,,,,,,,2025.0,2.0,TPA BOJONGLARANG,TPA Pemda (Non Regional),A,52560.0,49092.5,365.0,0.0,3102.5,0.0,"Dukuh Bojonglarang, Desa Linggoasri, Kecamatan Kajen",,,Pemda DATI II,4.54,Open Dumping,2002,-,20400,Kombinasi timbangan dengan Komputer (excel / tidak otomatis),Ada tapi sedang rusak,Setahun Sekali,3,"Ada, Instalasi Pengolahan Air Lindi (IPAL) di TPA hanya berupa kolam pengendapan saja tanpa proses biologi atau proses kimia, masih berfungsi baik dan terawat.",-,ADA,Tidak ada. Gas Metana dibakar.,-
,Jawa Tengah,Kab. Purworejo,,,,,,,,,,,,,2025.0,2.0,TPA JETIS,TPA Pemda (Non Regional),A,25144.85,23126.4,543.85,635.1,839.5,0.0,RT 02 RW 02,JETIS,LOANO,Pemda DATI II,4.79,Control Landfill,1997,2022,20000,Kombinasi timbangan dengan Komputer (excel / tidak otomatis),Ada dan berfungsi dengan baik,Tujuh hari sekali atau Seminggu Sekali,5,"Ada, Instalasi Pengolahan Air Lindi (IPAL) di TPA berupa kolam pengendapan dan proses biologi, masih berfungsi baik dan terawat.",3,ADA,Untuk Bahan Bakar,-
2025.0,Jawa Tengah,Kab. Semarang,198693.04,5614.67,2.83,22685.3,11.42,28299.98,14.24,5614.67,22685.3,14.24,P 1,,2025.0,2.0,Pengolahan Maggot TPA Blondo,TPA Pemda (Non Regional),A,98915.0,94706.55,1642.5,0.0,2565.95,0.0,Blondo,BLONDO,BAWEN,Pemda DATI II,57,-,2009,-,5290,Kombinasi timbangan dengan Komputer (excel / tidak otomatis),-,Tujuh hari sekali atau Seminggu Sekali,2,"Ada, Instalasi Pengolahan Air Lindi (IPAL) di TPA hanya berupa kolam pengendapan saja tanpa proses biologi atau proses kimia, masih berfungsi baik dan terawat.",12,ADA,Tidak ada. Melepas gas Metana ke udara.,-
2025.0,Jawa Tengah,Kab. Sragen,220042.66,385.75,0.18,94843.13,43.1,95228.88,43.28,385.71,25493.13,11.76,P 1,,2025.0,2.0,TPA Tanggan,TPA Pemda (Non Regional),A,71175.0,64787.5,3650.0,1825.0,912.5,0.0,Jl. Jati Sari,Tanggan,Gesi,Pemda DATI II,5,Control Landfill,1991,2025,7.99,Kombinasi timbangan dengan Komputer (excel / tidak otomatis),Tidak Ada,Tujuh hari sekali atau Seminggu Sekali,4,"Ada, Instalasi Pengolahan Air Lindi (IPAL) di TPA berupa kolam pengendapan dan proses biologi, masih berfungsi baik dan terawat.",2,ADA,Tidak ada. Gas Metana dibakar.,-
2025.0,Jawa Tengah,Kab. Sukoharjo,133938.65,504.25,0.38,20478.24,15.29,20982.49,15.67,386.16,20478.24,15.58,P 1,,,,,,,,,,,,,,,,,,,,,,,,,,,,,,
2025.0,Jawa Tengah,Kab. Tegal,241609.56,0.0,0.0,24290.89,10.05,24290.89,10.05,0.0,24290.89,10.05,P 1,,,,,,,,,,,,,,,,,,,,,,,,,,,,,,
2025.0,Jawa Tengah,Kab. Wonogiri,127590.96,43898.19,34.41,32174.16,25.22,76072.34,59.62,43898.19,5821.16,38.97,P 1,,2025.0,2.0,TPA NGADIROJO,TPA Pemda (Non Regional),A,26353.0,25843.4,365.0,0.0,144.6,0.0,Jl.Kasihan,KERJO LOR,NGADIROJO,Pemda DATI II,8.2,Open Dumping,1991,2026,20,Kombinasi timbangan dengan Komputer (excel / tidak otomatis),Ada dan berfungsi dengan baik,Sebulan sekali,3,"Ada, Instalasi Pengolahan Air Lindi (IPAL) di TPA berupa kolam pengendapan dan proses biologi, masih berfungsi baik dan terawat.",2,ADA,Tidak ada. Gas Metana dibakar.,-
2025.0,Jawa Tengah,Kab. Wonosobo,134393.88,6915.27,5.15,62202.45,46.28,69117.71,51.43,6900.33,16212.45,17.2,P 1,,2025.0,1.0,TPA Wonorejo,TPA Pemda (Non Regional),A,45990.0,44530.0,0.0,0.0,1460.0,0.0,Jl. Dusun Losari,Wonorejo,Selomerto,Lainnya,2.7,Control Landfill,1985,-,12207,Kombinasi timbangan dengan Komputer (excel / tidak otomatis),Ada dan berfungsi dengan baik,Tujuh hari sekali atau Seminggu Sekali,1,"Ada, Instalasi Pengolahan Air Lindi (IPAL) di TPA hanya berupa kolam pengendapan saja tanpa proses biologi atau proses kimia, masih berfungsi baik dan terawat.",12,ADA,Tidak ada. Gas Metana dibakar.,-
2025.0,Jawa Tengah,Kota Magelang,31099.96,31.88,0.1,29693.57,95.48,29725.44,95.58,31.88,5278.72,17.08,P 1,,,,,,,,,,,,,,,,,,,,,,,,,,,,,,
2025.0,Jawa Tengah,Kota Semarang,434518.12,136438.3,31.4,132936.81,30.59,269375.11,61.99,136438.3,132936.81,61.99,P 1,,2025.0,2.0,TPA Jatibarang,TPA Pemda (Non Regional),A,299665.0,291600.98,0.0,0.0,8064.02,0.0,Jl. Untung Suropati,Bambankerep,Mijen,Lainnya,46.02,Open Dumping,1990,2021,232,Otomatis Komputerisasi (Aplikasi Khusus TPA),Ada dan berfungsi dengan baik,Dua minggu sekali,6,"Ada, Instalasi Pengolahan Air Lindi (IPAL) di TPA berupa kolam pengendapan dan proses biologi serta proses kimia, masih berfungsi baik dan terawat.",12,ADA,Tidak ada. Gas Metana dibakar.,-
2025.0,Jawa Tengah,Kota Surakarta,153840.85,8304.08,5.4,20679.14,13.44,28983.22,18.84,4936.63,9659.79,9.49,P 1,,2025.0,2.0,TPA PUTRI CEMPO,TPA Pemda (Non Regional),A,121506.82,121506.82,0.0,0.0,0.0,5.0,Jatirejo RT 06 RW 11,Mojosongo,Jebres,Pemda DATI II,17,-,01-01-1986,-,-,Kombinasi timbangan dengan Komputer (excel / tidak otomatis),Ada dan berfungsi dengan baik,Tidak ditutup sama sekali,2,"Ada, Instalasi Pengolahan Air Lindi (IPAL) di TPA tetapi sudah rusak atau tidak berfungsi dengan baik dan tidak terawat",1,ADA,Untuk Energi Listrik,-
2025.0,Jawa Timur,Kab. Bangkalan,154058.03,5.48,0.0,20316.33,13.19,20321.8,13.19,5.48,18115.38,11.76,P 1,,,,,,,,,,,,,,,,,,,,,,,,,,,,,,
2025.0,Jawa Timur,Kab. Banyuwangi,307381.4,8212.18,2.67,185377.7,60.31,193589.88,62.98,7878.16,108092.6,37.73,P 1,,2025.0,2.0,TPA Blimbingsari,TPA Pemda (Non Regional),A,60225.0,48180.0,7300.0,0.0,4745.0,0.0,Kecamatan Blimbingsari,,,Pemda DATI II,2.1,Control Landfill,-,-,21992,-,-,Tiga hari sekali atau seminggu dua kali,-,-,-,TIDAK ADA,-,-
2025.0,Jawa Timur,Kab. Blitar,151971.64,35.95,0.02,4811.61,3.17,4847.56,3.19,0.0,4811.61,3.17,P 1,,2025.0,2.0,TPA TEGALASRI,TPA Pemda (Non Regional),A,80499.62,77811.98,2117.0,567.21,3.43,0.0,"Dusun Caruban RT 03/RW 14 Desa Tegalasri, Kecamatan Wlingi, Kabupaten Blitar",DUSUN TEGALASRI,WLINGI,Pemda DATI II,1.41,Open Dumping,1994,-,84.6,Manual Book,Tidak Ada,Sebulan sekali,2,"Ada, Instalasi Pengolahan Air Lindi (IPAL) di TPA hanya berupa kolam pengendapan saja tanpa proses biologi atau proses kimia, masih berfungsi baik dan terawat.",2,ADA,Untuk Bahan Bakar,15
,Jawa Timur,Kab. Bojonegoro,,,,,,,,,,,,,2025.0,2.0,TPA Banjarsari,TPA Pemda (Non Regional),A,27027.15,24895.55,1168.0,0.0,963.6,0.0,jl tugu,banjarsari,trucuk,Lainnya,4.95,Open Dumping,4/21/1991,-,20000,Otomatis Komputerisasi (Aplikasi Khusus TPA),Ada dan berfungsi dengan baik,Sebulan sekali,4,"Ada, Instalasi Pengolahan Air Lindi (IPAL) di TPA berupa kolam pengendapan dan proses biologi, masih berfungsi baik dan terawat.",12,ADA,Untuk Energi Listrik,-
2025.0,Jawa Timur,Kab. Bondowoso,115832.6,43.8,0.04,41.16,0.04,84.96,0.07,43.8,41.16,0.07,P 1,,,,,,,,,,,,,,,,,,,,,,,,,,,,,,
2025.0,Jawa Timur,Kab. Jember,383312.63,76.02,0.02,2088.69,0.54,2164.71,0.56,0.0,2088.69,0.54,P 1,,2025.0,2.0,TPA Kencong,TPA Pemda (Non Regional),A,2190.0,1825.0,0.0,0.0,365.0,0.0,"Ds. Kraton, Kec.Kencong",,,Pemda DATI II,1.5,Open Dumping,-,-,14,Manual Book,Tidak Ada,Tiga atau Empat Bulan Sekali,-,Tidak ada Instalasi Pengolahan Air Lindi (IPAL) di TPA,-,TIDAK ADA,-,-
2025.0,Jawa Timur,Kab. Jember,383312.63,76.02,0.02,2088.69,0.54,2164.71,0.56,0.0,2088.69,0.54,P 1,,2025.0,2.0,TPA Ambulu,TPA Pemda (Non Regional),A,6570.0,6205.0,0.0,0.0,365.0,0.0,"Ds Langon, Kec.Ambulu",,,Pemda DATI II,1.5,Open Dumping,-,-,1.4,Manual Book,Tidak Ada,Tiga atau Empat Bulan Sekali,-,Tidak ada Instalasi Pengolahan Air Lindi (IPAL) di TPA,-,TIDAK ADA,-,-
2025.0,Jawa Timur,Kab. Jember,383312.63,76.02,0.02,2088.69,0.54,2164.71,0.56,0.0,2088.69,0.54,P 1,,2025.0,2.0,TPA PAKUSARI,TPA Pemda (Non Regional),A,83220.0,72160.5,4270.5,3942.0,2847.0,0.0,DUSUN LAMPARAN,,,Pemda DATI II,68,Open Dumping,-,-,32,Kombinasi timbangan dengan Komputer (excel / tidak otomatis),Ada dan berfungsi dengan baik,Dua minggu sekali,4,"Ada, Instalasi Pengolahan Air Lindi (IPAL) di TPA hanya berupa kolam pengendapan saja tanpa proses biologi atau proses kimia, masih berfungsi baik dan terawat.",-,ADA,Tidak ada. Melepas gas Metana ke udara.,4
2025.0,Jawa Timur,Kab. Jember,383312.63,76.02,0.02,2088.69,0.54,2164.71,0.56,0.0,2088.69,0.54,P 1,,2025.0,2.0,TPA Tanggul,TPA Pemda (Non Regional),A,1460.0,1095.0,0.0,0.0,365.0,0.0,Ds.Manggisan Kec.Tanggul,,,Pemda DATI II,2,Open Dumping,-,-,1.4,Manual Book,Tidak Ada,Tiga atau Empat Bulan Sekali,-,Tidak ada Instalasi Pengolahan Air Lindi (IPAL) di TPA,-,TIDAK ADA,-,-
2025.0,Jawa Timur,Kab. Jombang,195051.91,48.31,0.02,103281.35,52.95,103329.66,52.98,47.89,38106.95,19.56,P 1,,2025.0,2.0,TPA Banjardowo,TPA Pemda (Non Regional),A,71069.15,69061.65,839.5,1168.0,0.0,0.0,Desa Banjardowo,Banjardowo,Jombang,Pemda DATI II,39.24,Control Landfill,1994,-,44684,Otomatis Komputerisasi (Aplikasi Khusus TPA),Ada dan berfungsi dengan baik,Tujuh hari sekali atau Seminggu Sekali,5,"Ada, Instalasi Pengolahan Air Lindi (IPAL) di TPA berupa kolam pengendapan dan proses biologi, masih berfungsi baik dan terawat.",12,ADA,Tidak ada. Melepas gas Metana ke udara.,-
2025.0,Jawa Timur,Kab. Kediri,247028.5,65611.09,26.56,77173.09,31.24,142784.17,57.8,65464.14,26584.08,37.26,P 1,,,,,,,,,,,,,,,,,,,,,,,,,,,,,,
2025.0,Jawa Timur,Kab. Lamongan,199655.44,655.18,0.33,29624.7,14.84,30279.87,15.17,655.18,29624.7,15.17,P 1,,2025.0,1.0,TPA TAMBAKRIGADUNG,TPA Pemda (Non Regional),A,54750.0,49092.5,3650.0,1825.0,182.5,0.0,"DESA TAMBAKRIGADUNG, KECAMATAN TIKUNG",,,Pemda DATI II,6.66,Open Dumping,JUNI 1989,-,20,Otomatis Komputerisasi (Aplikasi Khusus TPA),Ada dan berfungsi dengan baik,Sebulan sekali,4,"Ada, Instalasi Pengolahan Air Lindi (IPAL) di TPA hanya berupa kolam pengendapan saja tanpa proses biologi atau proses kimia, masih berfungsi baik dan terawat.",1,ADA,Tidak ada. Melepas gas Metana ke udara.,-
2025.0,Jawa Timur,Kab. Madiun,107729.75,25268.16,23.46,41845.93,38.84,67114.1,62.3,24666.23,26844.44,47.81,P 1,,2025.0,2.0,TPA Kaliabu,TPA Pemda (Non Regional),A,15768.0,12629.0,540.2,1741.05,857.75,0.0,Jl. Melati,Desa Kaliabu,Mejayan,Pemda DATI II,5,Sanitary Landfill,2 januari 2018,2023,2485.16,Kombinasi timbangan dengan Komputer (excel / tidak otomatis),Ada dan berfungsi dengan baik,Tujuh hari sekali atau Seminggu Sekali,3,"Ada, Instalasi Pengolahan Air Lindi (IPAL) di TPA berupa kolam pengendapan dan proses biologi serta proses kimia, masih berfungsi baik dan terawat.",4,ADA,Untuk Bahan Bakar,1
2025.0,Jawa Timur,Kab. Magetan,101148.8,849.09,0.84,77931.44,77.05,78780.53,77.89,840.67,60100.68,60.25,P 1,,2025.0,1.0,Milangasri,TPA Pemda (Non Regional),A,17830.25,17829.88,0.1,0.21,0.05,0.0,Waru Wetan,Milangasri,Panekan,Pemda DATI II,4.2,Control Landfill,-,-,500,Otomatis Komputerisasi (Aplikasi Khusus TPA),Ada dan berfungsi dengan baik,Tujuh hari sekali atau Seminggu Sekali,3,"Ada, Instalasi Pengolahan Air Lindi (IPAL) di TPA berupa kolam pengendapan dan proses biologi serta proses kimia, masih berfungsi baik dan terawat.",4,ADA,Tidak ada. Melepas gas Metana ke udara.,-
2025.0,Jawa Timur,Kab. Malang,356238.93,0.0,0.0,232903.05,65.38,232903.05,65.38,0.0,71244.55,20.0,P 1,,2025.0,2.0,TPA PARAS PONCOKUSUMO,TPA Pemda (Non Regional),A,54969.0,54969.0,0.0,0.0,0.0,0.0,Jln. Raya Paras RT 23 RW 05,DESA KARANG NONGKO,KECAMATAN PONCOKUSUMO,Pemda DATI II,4.56,Control Landfill,1995,-,778,Manual Book,Tidak Ada,Tujuh hari sekali atau Seminggu Sekali,-,-,-,TIDAK ADA,Tidak ada. Melepas gas Metana ke udara.,160
2025.0,Jawa Timur,Kab. Malang,356238.93,0.0,0.0,232903.05,65.38,232903.05,65.38,0.0,71244.55,20.0,P 1,,2025.0,2.0,TPA Randuagung,TPA Pemda (Non Regional),A,55407.0,55407.0,0.0,0.0,0.0,0.0,Jln. Gondang RT 02 RW 04,Desa Randuagung,Singosari,Lainnya,456,Control Landfill,-,-,317000,Manual Book,Tidak Ada,Tujuh hari sekali atau Seminggu Sekali,-,"Ada, Instalasi Pengolahan Air Lindi (IPAL) di TPA hanya berupa kolam pengendapan saja tanpa proses biologi atau proses kimia, masih berfungsi baik dan terawat.",-,TIDAK ADA,-,-
2025.0,Jawa Timur,Kab. Malang,356238.93,0.0,0.0,232903.05,65.38,232903.05,65.38,0.0,71244.55,20.0,P 1,,2025.0,2.0,TPA SAMPAH WISATA EDUKASI TALANGAGUNG KEPANJEN,TPA Pemda (Non Regional),A,104134.5,104134.5,0.0,0.0,0.0,0.0,Jln. Dusun Kasin RT 01 RW 03,Desa Talangagung,Kepanjen,Pemda DATI II,99999.99,Control Landfill,1 Januari 1991,-,2000,Kombinasi timbangan dengan Komputer (excel / tidak otomatis),Ada dan berfungsi dengan baik,Tujuh hari sekali atau Seminggu Sekali,3,"Ada, Instalasi Pengolahan Air Lindi (IPAL) di TPA hanya berupa kolam pengendapan saja tanpa proses biologi atau proses kimia, masih berfungsi baik dan terawat.",2,ADA,Tidak ada. Melepas gas Metana ke udara.,250
2025.0,Jawa Timur,Kab. Mojokerto,164577.1,881.77,0.54,86165.45,52.36,87047.22,52.89,881.77,53315.45,32.93,P 1,,2025.0,2.0,TPA Karangdiyeng,TPA Pemda (Non Regional),A,32850.0,26280.0,3066.0,2281.25,1222.75,0.0,"Desa Karangdiyeng, Kecamatan Kutorejo",,,Pemda DATI II,4.2,Control Landfill,-,-,1.2,Otomatis Komputerisasi (Aplikasi Khusus TPA),Ada dan berfungsi dengan baik,Tiga hari sekali atau seminggu dua kali,2,"Ada, Instalasi Pengolahan Air Lindi (IPAL) di TPA berupa kolam pengendapan dan proses biologi, masih berfungsi baik dan terawat.",-,ADA,Tidak ada. Gas Metana dibakar.,-
2025.0,Jawa Timur,Kab. Nganjuk,167697.21,2536.61,1.51,30620.67,18.26,33157.28,19.77,2525.93,16280.9,11.21,P 1,,2025.0,2.0,TPA Pandantoyo,TPA Pemda (Non Regional),A,5725.07,4581.96,232.82,337.78,572.51,0.0,Jl. Pandantoyo,Pandantoyo,Kertosono,,0,Control Landfill,-,-,4000,Manual Book,Tidak Ada,Tujuh hari sekali atau Seminggu Sekali,1,"Ada, Instalasi Pengolahan Air Lindi (IPAL) di TPA tetapi sudah rusak atau tidak berfungsi dengan baik dan tidak terawat",-,ADA,-,-
2025.0,Jawa Timur,Kab. Nganjuk,167697.21,2536.61,1.51,30620.67,18.26,33157.28,19.77,2525.93,16280.9,11.21,P 1,,2025.0,2.0,TPA Bendil,TPA Pemda (Non Regional),A,3816.71,3053.75,182.82,274.8,305.34,0.0,Jl. Bendil,Berbek,Nganjuk,Pemda DATI II,1,Control Landfill,-,-,4000,Manual Book,Tidak Ada,Tujuh hari sekali atau Seminggu Sekali,1,"Ada, Instalasi Pengolahan Air Lindi (IPAL) di TPA tetapi sudah rusak atau tidak berfungsi dengan baik dan tidak terawat",-,ADA,-,-
2025.0,Jawa Timur,Kab. Nganjuk,167697.21,2536.61,1.51,30620.67,18.26,33157.28,19.77,2525.93,16280.9,11.21,P 1,,2025.0,2.0,TPA Kedungdowo,TPA Pemda (Non Regional),A,19137.76,15313.25,1771.59,513.23,1539.69,0.0,Jl. Kedungdowo,Kedungdowo,Nganjuk,Pemda DATI II,0,Open Dumping,-,-,8050,Kombinasi timbangan dengan Komputer (excel / tidak otomatis),Ada dan berfungsi dengan baik,Sebulan sekali,2,"Ada, Instalasi Pengolahan Air Lindi (IPAL) di TPA berupa kolam pengendapan dan proses biologi, masih berfungsi baik dan terawat.",1,ADA,Tidak ada. Melepas gas Metana ke udara.,-
2025.0,Jawa Timur,Kab. Ngawi,135732.85,113.31,0.08,17820.96,13.13,17934.26,13.21,113.15,5757.71,4.33,P 1,,2025.0,1.0,TPA Mantingan,TPA Pemda (Non Regional),A,1825.0,1752.0,0.0,0.0,73.0,0.0,Jatimulyo,Jatimulyo,Mantingan,Pemda DATI II,0.54,Open Dumping,2016,2026,2800,Manual Book,Tidak Ada,Tidak ditutup sama sekali,-,Tidak ada Instalasi Pengolahan Air Lindi (IPAL) di TPA,-,ADA,-,-
2025.0,Jawa Timur,Kab. Ngawi,135732.85,113.31,0.08,17820.96,13.13,17934.26,13.21,113.15,5757.71,4.33,P 1,,2025.0,1.0,TPA Karangjati,TPA Pemda (Non Regional),A,1460.0,1387.0,0.0,0.0,73.0,0.0,Legundi,Legundi,Karangjati,Pemda DATI II,0.09,Open Dumping,2015,2025,4800,-,Tidak Ada,Tidak ditutup sama sekali,-,Tidak ada Instalasi Pengolahan Air Lindi (IPAL) di TPA,-,TIDAK ADA,-,-
2025.0,Jawa Timur,Kab. Pacitan,109589.86,13.37,0.01,34121.16,31.14,34134.53,31.15,10.97,23371.91,21.34,P 1,,,,,,,,,,,,,,,,,,,,,,,,,,,,,,
2025.0,Jawa Timur,Kab. Pamekasan,102565.04,49.66,0.05,63082.91,61.51,63132.57,61.55,31.76,14950.36,14.61,P 1,,,,,,,,,,,,,,,,,,,,,,,,,,,,,,
2025.0,Jawa Timur,Kab. Pasuruan,246806.14,0.18,0.0,31421.81,12.73,31421.99,12.73,0.0,19121.31,7.75,P 1,,2025.0,1.0,WONOKERTO,TPA Regional,A,73000.0,68802.5,182.5,1095.0,2920.0,0.0,Desa Wonokerto,,,Pemda DATI I,0,Open Dumping,-,-,2250,Kombinasi timbangan dengan Komputer (excel / tidak otomatis),Ada dan berfungsi dengan baik,Tiga hari sekali atau seminggu dua kali,-,-,-,TIDAK ADA,Tidak ada. Melepas gas Metana ke udara.,-
2025.0,Jawa Timur,Kab. Ponorogo,142935.17,0.0,0.0,26256.67,18.37,26256.67,18.37,0.0,11656.67,8.16,P 1,,2025.0,2.0,TPA Mrican,TPA Pemda (Non Regional),A,19710.0,19710.0,0.0,0.0,0.0,0.0,Mrican,Mrican,Jenangan,Pemda DATI II,2.22,Open Dumping,-,2020,0,Kombinasi timbangan dengan Komputer (excel / tidak otomatis),Ada dan berfungsi dengan baik,Sebulan sekali,2,-,1,ADA,Untuk Bahan Bakar,-
2025.0,Jawa Timur,Kab. Probolinggo,174217.71,188.36,0.11,5264.24,3.02,5452.6,3.13,188.32,5264.24,3.13,P 1,,2025.0,1.0,TPA Seboroh Krejengan,TPA Pemda (Non Regional),A,17409.4,17409.4,0.0,0.0,0.0,0.0,Seboro,Seboroh,Krejengan,Pemda DATI II,5.1,Open Dumping,2012,2023,18000,Kombinasi timbangan dengan Komputer (excel / tidak otomatis),Ada dan berfungsi dengan baik,Sebulan sekali,7,"Ada, Instalasi Pengolahan Air Lindi (IPAL) di TPA berupa kolam pengendapan dan proses biologi, masih berfungsi baik dan terawat.",1,ADA,Tidak ada. Melepas gas Metana ke udara.,2
,Jawa Timur,Kab. Sampang,,,,,,,,,,,,,2025.0,2.0,TPA Gunung Maddah,TPA Pemda (Non Regional),A,12410.0,11096.0,365.0,584.0,365.0,0.0,desa Gunung Maddah,Gunung Maddah,Sampang,Pemda DATI II,5,Control Landfill,"15,mei,2000",2025,5000,Otomatis Komputerisasi (Aplikasi Khusus TPA),Ada dan berfungsi dengan baik,Tujuh hari sekali atau Seminggu Sekali,2,"Ada, Instalasi Pengolahan Air Lindi (IPAL) di TPA hanya berupa kolam pengendapan saja tanpa proses biologi atau proses kimia, masih berfungsi baik dan terawat.",2,ADA,Tidak ada. Gas Metana dibakar.,-
2025.0,Jawa Timur,Kab. Sidoarjo,325676.56,0.0,0.0,208854.48,64.13,208854.48,64.13,0.0,10272.04,3.15,P 1,,2025.0,2.0,TPA Griyo Mulyo,TPA Pemda (Non Regional),A,195602.82,194288.09,154.23,186.85,973.64,0.0,Jl. Raya Kalisogo RT 03 / RW 02,Desa Kupang,Jabon,Pemda DATI II,28.62,Control Landfill,2005,5,35000,Otomatis Komputerisasi (Aplikasi Khusus TPA),Ada dan berfungsi dengan baik,Tujuh hari sekali atau Seminggu Sekali,2,"Ada, Instalasi Pengolahan Air Lindi (IPAL) di TPA hanya berupa kolam pengendapan saja tanpa proses biologi atau proses kimia, masih berfungsi baik dan terawat.",11,ADA,Tidak ada. Gas Metana dibakar.,-
2025.0,Jawa Timur,Kab. Situbondo,93669.45,3403.75,3.63,61747.29,65.92,65151.04,69.55,143.34,6267.29,6.84,P 1,,2025.0,2.0,TPA Sliwung,TPA Pemda (Non Regional),A,54677.0,19491.0,19819.5,8030.0,7336.5,0.0,Sliwung RT 6 RW 3,Sliwung,Panji,,51,Control Landfill,1990,-,8904,Otomatis Komputerisasi (Aplikasi Khusus TPA),Ada dan berfungsi dengan baik,Tujuh hari sekali atau Seminggu Sekali,3,"Ada, Instalasi Pengolahan Air Lindi (IPAL) di TPA berupa kolam pengendapan dan proses biologi serta proses kimia, masih berfungsi baik dan terawat.",2,ADA,Untuk Energi Listrik,30
2025.0,Jawa Timur,Kab. Trenggalek,110056.26,10722.85,9.74,48143.0,43.74,58865.85,53.49,9982.02,10730.5,18.82,P 1,,,,,,,,,,,,,,,,,,,,,,,,,,,,,,
2025.0,Jawa Timur,Kab. Tuban,194138.51,11821.54,6.09,105253.4,54.22,117074.94,60.3,11523.12,34078.4,23.49,P 1,,2025.0,2.0,TPA Gunung Panggung,TPA Pemda (Non Regional),A,72270.0,59495.0,2190.0,3285.0,7300.0,0.0,Jl. Kebersihan,Gedongombo,Semanding,Pemda DATI II,3.8,Control Landfill,1-01-2011,2025,10000,Otomatis Komputerisasi (Aplikasi Khusus TPA),Ada dan berfungsi dengan baik,Tujuh hari sekali atau Seminggu Sekali,2,"Ada, Instalasi Pengolahan Air Lindi (IPAL) di TPA hanya berupa kolam pengendapan saja tanpa proses biologi atau proses kimia, masih berfungsi baik dan terawat.",12,ADA,Untuk Bahan Bakar,-
2025.0,Jawa Timur,Kota Batu,44582.56,20.4,0.05,28754.3,64.5,28774.7,64.54,0.0,14852.88,33.32,P 1,,,,,,,,,,,,,,,,,,,,,,,,,,,,,,
2025.0,Jawa Timur,Kota Kediri,64911.66,61.38,0.09,60814.28,93.69,60875.66,93.78,54.26,3545.78,5.55,P 1,,2025.0,2.0,TPA  KLOTOK KOTA KEDIRI,TPA Pemda (Non Regional),A,57991.2,57918.2,73.0,0.0,0.0,0.0,POJOK,POJOK,MOJOROTO,,0,Open Dumping,-,-,21100,Kombinasi timbangan dengan Komputer (excel / tidak otomatis),Ada dan berfungsi dengan baik,Dua minggu sekali,2,"Ada, Instalasi Pengolahan Air Lindi (IPAL) di TPA berupa kolam pengendapan dan proses biologi, masih berfungsi baik dan terawat.",12,ADA,Tidak ada. Melepas gas Metana ke udara.,-
2025.0,Jawa Timur,Kota Madiun,40660.71,40.23,0.1,8314.69,20.45,8354.93,20.55,14.6,7949.69,19.59,P 1,,2025.0,1.0,TPA Winongo,TPA Pemda (Non Regional),A,31795.15,30762.2,54.75,0.0,978.2,0.0,Ring road barat,Winongo,Manguharjo,Pemda DATI II,6,Open Dumping,-,2019,7920.97,Kombinasi timbangan dengan Komputer (excel / tidak otomatis),Ada dan berfungsi dengan baik,Sebulan sekali,3,"Ada, Instalasi Pengolahan Air Lindi (IPAL) di TPA hanya berupa kolam pengendapan saja tanpa proses biologi atau proses kimia, masih berfungsi baik dan terawat.",1,ADA,Untuk Bahan Bakar,250
2025.0,Jawa Timur,Kota Malang,267230.53,815.68,0.31,263666.03,98.67,264481.71,98.97,806.47,84587.9,31.96,P 1,,2025.0,2.0,TPA SUPITURANG,TPA Pemda (Non Regional),A,179078.13,179078.13,0.0,0.0,0.0,0.0,JL. TERUSAN RAWISARI NO. 01 RT 10 W 5,MULYOREJO,SUKUN,Pemda DATI II,3,Sanitary Landfill,1993,-,130000,Otomatis Komputerisasi (Aplikasi Khusus TPA),Ada dan berfungsi dengan baik,Tiga hari sekali atau seminggu dua kali,3,"Ada, Instalasi Pengolahan Air Lindi (IPAL) di TPA berupa kolam pengendapan dan proses biologi serta proses kimia, masih berfungsi baik dan terawat.",12,ADA,Tidak ada. Melepas gas Metana ke udara.,-
2025.0,Jawa Timur,Kota Mojokerto,25964.64,1760.95,6.78,2589.27,9.97,4350.21,16.75,131.4,2589.27,10.48,P 1,,,,,,,,,,,,,,,,,,,,,,,,,,,,,,
2025.0,Jawa Timur,Kota Pasuruan,54541.33,0.0,0.0,50623.58,92.82,50623.58,92.82,0.0,10995.53,20.16,P 1,,2025.0,2.0,TPA BLANDONGAN,TPA Pemda (Non Regional),A,38408.95,38295.28,1.83,0.0,111.85,0.0,"Jl. Jelakrejo, Tambak, Blandongan, Kec. Bugulkidul, Kota Pasuruan, Jawa Timur 67128",BLANDONGAN,BUGUL KIDUL,Pemda DATI II,6.63,Control Landfill,-,-,10041,Otomatis Komputerisasi (Aplikasi Khusus TPA),Ada dan berfungsi dengan baik,Tujuh hari sekali atau Seminggu Sekali,3,"Ada, Instalasi Pengolahan Air Lindi (IPAL) di TPA berupa kolam pengendapan dan proses biologi, masih berfungsi baik dan terawat.",2,ADA,Untuk Bahan Bakar,110
2025.0,Jawa Timur,Kota Probolinggo,44604.46,204.83,0.46,34320.44,76.94,34525.27,77.4,191.83,7327.59,16.86,P 1,,2025.0,1.0,TPA Bestari,TPA Pemda (Non Regional),A,26992.85,25897.85,182.5,0.0,912.5,0.0,Jl. Anggrek No 15,SUKABUMI,MAYANGAN,Pemda DATI II,4,Control Landfill,27-03-2014,-,10000,Kombinasi timbangan dengan Komputer (excel / tidak otomatis),Ada dan berfungsi dengan baik,Tiga hari sekali atau seminggu dua kali,5,"Ada, Instalasi Pengolahan Air Lindi (IPAL) di TPA berupa kolam pengendapan dan proses biologi, masih berfungsi baik dan terawat.",255,ADA,Tidak ada. Melepas gas Metana ke udara.,1
2025.0,Jawa Timur,Kota Surabaya,660946.82,1827.83,0.28,653346.41,98.85,655174.23,99.13,1679.0,58011.27,9.03,P 1,,2025.0,2.0,TPA Benowo,TPA Pemda (Non Regional),A,234021.39,234021.39,0.0,0.0,0.0,0.0,Romokalisari - Benowo,Romokalisari,Benowo,Pemda DATI II,37.4,Sanitary Landfill,08/08/2012,-,136331,Otomatis Komputerisasi (Aplikasi Khusus TPA),Ada dan berfungsi dengan baik,Setiap hari,3,"Ada, Instalasi Pengolahan Air Lindi (IPAL) di TPA hanya berupa kolam pengendapan saja tanpa proses biologi atau proses kimia, masih berfungsi baik dan terawat.",12,ADA,Untuk Energi Listrik,-
2025.0,Kalimantan Barat,Kab. Bengkayang,44299.61,0.0,0.0,0.0,0.0,0.0,0.0,0.0,0.0,0.0,P 1,,2025.0,2.0,TPA Magmagan,TPA Pemda (Non Regional),A,7227.0,7227.0,0.0,0.0,0.0,0.0,Magmagan,Magmagan Karya,Lumar,Pemda DATI II,5,Open Dumping,-,-,50000,Manual Book,Tidak Ada,Tidak ditutup sama sekali,-,Tidak ada Instalasi Pengolahan Air Lindi (IPAL) di TPA,-,TIDAK ADA,-,-
2025.0,Kalimantan Barat,Kab. Kapuas Hulu,50550.31,3.0,0.01,0.0,0.0,3.0,0.01,0.0,0.0,0.0,P 1,,2025.0,2.0,TPA SIBAU HULU,TPA Pemda (Non Regional),A,9719.95,8854.9,0.0,0.0,865.05,0.0,Jalan Lintas Kalimantan Poros Utara,,,Pemda DATI II,1,Open Dumping,2005,2020,10000,Manual Book,Tidak Ada,Dua minggu sekali,-,Tidak ada Instalasi Pengolahan Air Lindi (IPAL) di TPA,1,TIDAK ADA,Tidak ada. Gas Metana dibakar.,-
2025.0,Kalimantan Barat,Kab. Kayong Utara,24653.38,0.0,0.0,777.17,3.15,777.17,3.15,0.0,777.17,3.15,P 1,,2025.0,2.0,Tempat Pembuangan Akhir,TPA Pemda (Non Regional),A,4745.37,4562.87,0.0,0.0,182.5,0.0,Desa Pampang Harapan,,,Pemda DATI II,0,Open Dumping,-,-,2.7,Manual Book,Tidak Ada,Tidak ditutup sama sekali,2,Tidak ada Instalasi Pengolahan Air Lindi (IPAL) di TPA,-,ADA,-,-
2025.0,Kalimantan Barat,Kab. Ketapang,109479.93,0.0,0.0,714.73,0.65,714.73,0.65,0.0,714.73,0.65,P 1,,2025.0,2.0,Tempat Pemrosesan Akhir (TPA) Sampah Muara Pawan,TPA Pemda (Non Regional),A,27144.43,27049.03,28.33,0.0,67.07,0.0,Jalan Ketapang-Siduk,Sungai Awan Kiri,Muara Pawan,Pemda DATI II,9,Open Dumping,16 Juli 2018,-,8800,Manual Book,Tidak Ada,Setahun Sekali,3,-,-,ADA,-,-
2025.0,Kalimantan Barat,Kab. Kubu Raya,168732.2,0.0,0.0,21.68,0.01,21.68,0.01,0.0,21.68,0.01,P 1,,2025.0,2.0,TPA RASAU JAYA,TPA Pemda (Non Regional),A,27375.0,27375.0,0.0,0.0,0.0,0.0,Jalan Sultan Agung,,,Pemda DATI II,3.6,-,1997,-,-,Manual Book,Tidak Ada,-,-,-,-,TIDAK ADA,-,-
2025.0,Kalimantan Barat,Kab. Landak,60594.82,298.94,0.49,0.0,0.0,298.94,0.49,298.94,0.0,0.49,P 1,,,,,,,,,,,,,,,,,,,,,,,,,,,,,,
2025.0,Kalimantan Barat,Kab. Mempawah,34625.87,1.92,0.01,0.93,0.0,2.84,0.01,0.0,0.93,0.0,P 1,,2025.0,2.0,TPA Sungai Bakau Besar Laut,TPA Pemda (Non Regional),A,11782.2,10220.0,730.0,832.2,0.0,0.0,Jl. Aswar,Sungai Bakau Besar Laut,Sungai Pinyuh,Pemda DATI II,2.4,Open Dumping,-,-,5400,-,Tidak Ada,Setahun Sekali,-,Tidak ada Instalasi Pengolahan Air Lindi (IPAL) di TPA,-,ADA,-,-
2025.0,Kalimantan Barat,Kab. Sambas,144045.72,9.48,0.01,14444.57,10.03,14454.05,10.03,1.85,1669.57,1.16,P 1,,2025.0,2.0,TPA TEMAJUK (OPEN DUMPING),TPA Pemda (Non Regional),A,963.6,963.6,0.0,0.0,0.0,0.0,CAMAR BULAN,TEMAJUK,PALOH,Pemda DATI II,0,Open Dumping,2019,-,5000,Manual Book,Tidak Ada,Tidak ditutup sama sekali,-,Tidak ada Instalasi Pengolahan Air Lindi (IPAL) di TPA,-,TIDAK ADA,-,-
2025.0,Kalimantan Barat,Kab. Sambas,144045.72,9.48,0.01,14444.57,10.03,14454.05,10.03,1.85,1669.57,1.16,P 1,,2025.0,2.0,TPA SEKURA / TELUK KERAMAT (OPEN DUMPING),TPA Pemda (Non Regional),A,3131.7,3076.95,0.0,0.0,54.75,0.0,Jalan Sungai Kumpai,Sungai Kumpai,Teluk Keramat,Pemda DATI II,0,Open Dumping,-,-,15000,Manual Book,Tidak Ada,Tidak ditutup sama sekali,-,Tidak ada Instalasi Pengolahan Air Lindi (IPAL) di TPA,-,TIDAK ADA,-,-
2025.0,Kalimantan Barat,Kab. Sambas,144045.72,9.48,0.01,14444.57,10.03,14454.05,10.03,1.85,1669.57,1.16,P 1,,2025.0,2.0,TPA JELU AIR (OPEN DUMPING),TPA Pemda (Non Regional),A,1445.4,1427.15,0.0,0.0,18.25,0.0,Jalan Jelu Air,Jelu Air,Jawai Selatan,,0,Open Dumping,-,-,20000,Manual Book,Tidak Ada,Tidak ditutup sama sekali,-,Tidak ada Instalasi Pengolahan Air Lindi (IPAL) di TPA,-,TIDAK ADA,-,-
2025.0,Kalimantan Barat,Kab. Sambas,144045.72,9.48,0.01,14444.57,10.03,14454.05,10.03,1.85,1669.57,1.16,P 1,,2025.0,2.0,TPA SALATIGA (OPEN DUMPING),TPA Pemda (Non Regional),A,11081.4,10862.4,0.0,0.0,219.0,0.0,JALAN Salatiga,PARIT BARU,Salatiga,Pemda DATI II,0,-,-,-,3.5,Manual Book,Tidak Ada,Tidak ditutup sama sekali,-,-,-,TIDAK ADA,-,-
2025.0,Kalimantan Barat,Kab. Sambas,144045.72,9.48,0.01,14444.57,10.03,14454.05,10.03,1.85,1669.57,1.16,P 1,,2025.0,2.0,TPA SORAT (CONTROLLED LANDFILL),TPA Pemda (Non Regional),A,12775.0,12592.5,0.0,0.0,182.5,0.0,Jl Raya Subah,Lubuk Dagang,Sambas,Pemda DATI II,0,Control Landfill,2015,2024,1.5,Manual Book,Tidak Ada,Tujuh hari sekali atau Seminggu Sekali,2,"Ada, Instalasi Pengolahan Air Lindi (IPAL) di TPA berupa kolam pengendapan dan proses biologi serta proses kimia, masih berfungsi baik dan terawat.",2,ADA,Tidak ada. Gas Metana dibakar.,-
2025.0,Kalimantan Barat,Kab. Sanggau,94056.67,0.0,0.0,0.0,0.0,0.0,0.0,0.0,0.0,0.0,P 1,,2025.0,2.0,TPA Kembayan,TPA Pemda (Non Regional),A,732.15,695.65,0.0,0.0,36.5,0.0,Kembayan,,,Pemda DATI II,0,Open Dumping,-,-,4000,Manual Book,Ada tapi sedang rusak,Tidak ditutup sama sekali,-,Tidak ada Instalasi Pengolahan Air Lindi (IPAL) di TPA,-,TIDAK ADA,-,-
2025.0,Kalimantan Barat,Kab. Sanggau,94056.67,0.0,0.0,0.0,0.0,0.0,0.0,0.0,0.0,0.0,P 1,,2025.0,2.0,TPA Sosok,TPA Pemda (Non Regional),A,1201.43,1164.93,0.0,0.0,36.5,0.0,Sosok,,,Pemda DATI II,0,Open Dumping,-,-,5000,Manual Book,Tidak Ada,Tidak ditutup sama sekali,-,Tidak ada Instalasi Pengolahan Air Lindi (IPAL) di TPA,-,TIDAK ADA,-,-
2025.0,Kalimantan Barat,Kab. Sanggau,94056.67,0.0,0.0,0.0,0.0,0.0,0.0,0.0,0.0,0.0,P 1,,2025.0,2.0,TPA Sei Kosak (Controlled Landfill),TPA Pemda (Non Regional),A,1384.02,1369.42,0.0,0.0,14.6,0.0,Jl. Aster,,,Pemda DATI II,4.5,-,-,-,10000,Manual Book,Tidak Ada,Tujuh hari sekali atau Seminggu Sekali,-,"Ada, Instalasi Pengolahan Air Lindi (IPAL) di TPA hanya berupa kolam pengendapan saja tanpa proses biologi atau proses kimia, masih berfungsi baik dan terawat.",-,ADA,-,-
2025.0,Kalimantan Barat,Kab. Sanggau,94056.67,0.0,0.0,0.0,0.0,0.0,0.0,0.0,0.0,0.0,P 1,,2025.0,2.0,TPA Tanjak Mulung,TPA Pemda (Non Regional),A,793.77,757.27,0.0,0.0,36.5,0.0,Meliau,,,Pemda DATI II,0,Open Dumping,-,-,15000,Manual Book,Tidak Ada,Tidak ditutup sama sekali,-,Tidak ada Instalasi Pengolahan Air Lindi (IPAL) di TPA,-,TIDAK ADA,-,-
2025.0,Kalimantan Barat,Kab. Sanggau,94056.67,0.0,0.0,0.0,0.0,0.0,0.0,0.0,0.0,0.0,P 1,,2025.0,2.0,TPA Bodok,TPA Pemda (Non Regional),A,1203.51,1203.51,0.0,0.0,0.0,0.0,Bodok,,,Pemda DATI II,0,Open Dumping,-,-,50000,Manual Book,Tidak Ada,Tidak ditutup sama sekali,-,Tidak ada Instalasi Pengolahan Air Lindi (IPAL) di TPA,-,TIDAK ADA,-,-
2025.0,Kalimantan Barat,Kab. Sanggau,94056.67,0.0,0.0,0.0,0.0,0.0,0.0,0.0,0.0,0.0,P 1,,2025.0,2.0,TPA Sungai Setia,TPA Pemda (Non Regional),A,795.77,759.27,0.0,0.0,36.5,0.0,Kecamatan Toba,,,Pemda DATI II,0,Open Dumping,-,-,10000,Manual Book,Tidak Ada,Tidak ditutup sama sekali,-,Tidak ada Instalasi Pengolahan Air Lindi (IPAL) di TPA,-,TIDAK ADA,-,-
2025.0,Kalimantan Barat,Kab. Sanggau,94056.67,0.0,0.0,0.0,0.0,0.0,0.0,0.0,0.0,0.0,P 1,,2025.0,2.0,TPA Sungai Kosak,TPA Pemda (Non Regional),A,14662.05,13749.55,0.0,0.0,912.5,0.0,Jl. Aster,Sungai Sengkuang,Kapuas,Pemda DATI II,4.5,Open Dumping,1994,-,20085,Manual Book,Tidak Ada,Tidak ditutup sama sekali,-,Tidak ada Instalasi Pengolahan Air Lindi (IPAL) di TPA,-,TIDAK ADA,-,-
2025.0,Kalimantan Barat,Kota Pontianak,175277.85,0.0,0.0,40190.95,22.93,40190.95,22.93,0.0,40189.31,22.93,P 1,,,,,,,,,,,,,,,,,,,,,,,,,,,,,,
2025.0,Kalimantan Barat,Kota Singkawang,36043.46,0.0,0.0,5170.59,14.35,5170.59,14.35,0.0,5170.59,14.35,P 1,,2025.0,2.0,TPA WONOSARI,TPA Pemda (Non Regional),A,33507.0,33507.0,0.0,0.0,0.0,0.0,Jl Wonosari,Roban,Singkawang Tengah,Pemda DATI II,9.77,Open Dumping,20071212,-,11921,Kombinasi timbangan dengan Komputer (excel / tidak otomatis),Ada dan berfungsi dengan baik,Tidak ditutup sama sekali,2,"Ada, Instalasi Pengolahan Air Lindi (IPAL) di TPA hanya berupa kolam pengendapan saja tanpa proses biologi atau proses kimia, masih berfungsi baik dan terawat.",1,ADA,Tidak ada. Gas Metana dibakar.,-
2025.0,Kalimantan Selatan,Kab. Balangan,21621.01,64.18,0.3,3872.82,17.91,3937.0,18.21,61.94,3872.82,18.2,P 1,,,,,,,,,,,,,,,,,,,,,,,,,,,,,,
2025.0,Kalimantan Selatan,Kab. Banjar,130462.02,0.0,0.0,66740.55,51.16,66740.55,51.16,0.0,41190.55,31.57,P 1,,2025.0,2.0,TPA REGIONAL BANJAR BAKULA,TPA Regional,A,25550.0,25550.0,0.0,0.0,0.0,0.0,"Cempaka, Kec. Cemp., Kota Banjar Baru, Kalimantan Selatan 70733",,,Swasta,24,Sanitary Landfill,-,-,7.3,Kombinasi timbangan dengan Komputer (excel / tidak otomatis),Ada dan berfungsi dengan baik,Setiap hari,3,"Ada, Instalasi Pengolahan Air Lindi (IPAL) di TPA berupa kolam pengendapan dan proses biologi, masih berfungsi baik dan terawat.",12,ADA,Tidak ada. Gas Metana dibakar.,-
2025.0,Kalimantan Selatan,Kab. Banjar,130462.02,0.0,0.0,66740.55,51.16,66740.55,51.16,0.0,41190.55,31.57,P 1,,2025.0,2.0,TPA Cahaya Kencana,TPA Pemda (Non Regional),A,28470.0,27740.0,0.0,0.0,730.0,0.0,"jalan padang panjang, Kecamatan Karang Intan",Desa Padang Panjang,Karang Intan,Pemda DATI II,0,Open Dumping,2012,sekarang,29714,Kombinasi timbangan dengan Komputer (excel / tidak otomatis),Ada tapi sedang rusak,Tujuh hari sekali atau Seminggu Sekali,1,"Ada, Instalasi Pengolahan Air Lindi (IPAL) di TPA tetapi sudah rusak atau tidak berfungsi dengan baik dan tidak terawat",1,ADA,Tidak ada. Gas Metana dibakar.,-
2025.0,Kalimantan Selatan,Kab. Barito Kuala,36112.99,2476.85,6.86,23504.77,65.09,25981.62,71.95,2238.55,8539.77,29.85,P 1,,2025.0,2.0,TPA Banjarbakula,,A,17155.0,17155.0,0.0,0.0,0.0,0.0,Jalan Trans Kalimantan,,,,0,Open Dumping,-,-,-,-,-,Dua minggu sekali,-,-,-,TIDAK ADA,-,-
2025.0,Kalimantan Selatan,Kab. Hulu Sungai Selatan,40175.88,85.89,0.21,28680.19,71.39,28766.08,71.6,55.85,10430.19,26.1,P 1,,2025.0,2.0,TPA MALUTU,TPA Pemda (Non Regional),A,18177.0,15895.75,803.0,821.25,657.0,0.0,PAHARUANGAN 4,SEI RAYA SELATAN,SUNGAI RAYA,Pemda DATI II,9,Control Landfill,1-01-2020,2025,1500,Kombinasi timbangan dengan Komputer (excel / tidak otomatis),Ada dan berfungsi dengan baik,Setiap hari,3,"Ada, Instalasi Pengolahan Air Lindi (IPAL) di TPA berupa kolam pengendapan dan proses biologi serta proses kimia, masih berfungsi baik dan terawat.",2,ADA,Tidak ada. Melepas gas Metana ke udara.,-
2025.0,Kalimantan Selatan,Kab. Hulu Sungai Tengah,49201.82,10.13,0.02,29445.29,59.85,29455.43,59.87,2.22,9932.39,20.19,P 1,,,,,,,,,,,,,,,,,,,,,,,,,,,,,,
2025.0,Kalimantan Selatan,Kab. Hulu Sungai Utara,34784.5,0.0,0.0,93.78,0.27,93.78,0.27,0.0,93.78,0.27,P 1,,2025.0,2.0,TPA TEBING LIRING,TPA Pemda (Non Regional),A,17002.59,16789.16,0.0,0.0,213.44,0.0,Jln. Guntung - lampihong,Desa Tabing Lering,Amuntai Utara,Pemda DATI II,70,Control Landfill,01 Mei 2008,-,30000,Kombinasi timbangan dengan Komputer (excel / tidak otomatis),Ada dan berfungsi dengan baik,Tujuh hari sekali atau Seminggu Sekali,3,"Ada, Instalasi Pengolahan Air Lindi (IPAL) di TPA hanya berupa kolam pengendapan saja tanpa proses biologi atau proses kimia, masih berfungsi baik dan terawat.",4,ADA,Tidak ada. Melepas gas Metana ke udara.,-
2025.0,Kalimantan Selatan,Kab. Kotabaru,66806.99,0.0,0.0,2984.46,4.47,2984.46,4.47,0.0,2947.96,4.41,P 1,,,,,,,,,,,,,,,,,,,,,,,,,,,,,,
2025.0,Kalimantan Selatan,Kab. Tabalong,50238.92,0.0,0.0,32952.14,65.59,32952.14,65.59,0.0,459.84,0.92,P 1,,,,,,,,,,,,,,,,,,,,,,,,,,,,,,
2025.0,Kalimantan Selatan,Kab. Tanah Bumbu,72598.74,238.31,0.33,61632.29,84.89,61870.6,85.22,238.3,10696.54,15.06,P 1,,2025.0,2.0,TPA Sungai Dua,TPA Pemda (Non Regional),A,34083.7,34076.45,0.0,0.0,7.25,0.0,Jl Raya serongga,Sungai Dua,Simpang Empat,Pemda DATI II,5.5,Control Landfill,2011,-,20000,Kombinasi timbangan dengan Komputer (excel / tidak otomatis),Ada dan berfungsi dengan baik,Tiga hari sekali atau seminggu dua kali,2,"Ada, Instalasi Pengolahan Air Lindi (IPAL) di TPA berupa kolam pengendapan dan proses biologi, masih berfungsi baik dan terawat.",12,ADA,Untuk Bahan Bakar,-
2025.0,Kalimantan Selatan,Kab. Tanah Bumbu,72598.74,238.31,0.33,61632.29,84.89,61870.6,85.22,238.3,10696.54,15.06,P 1,,2025.0,2.0,TPA Satui,TPA Pemda (Non Regional),A,17122.15,17122.15,0.0,0.0,0.0,0.0,Jombang,Sinar Bulan,Satui,Pemda DATI II,12,Control Landfill,2021,2040,20000,Kombinasi timbangan dengan Komputer (excel / tidak otomatis),Ada dan berfungsi dengan baik,Tiga hari sekali atau seminggu dua kali,2,"Ada, Instalasi Pengolahan Air Lindi (IPAL) di TPA hanya berupa kolam pengendapan saja tanpa proses biologi atau proses kimia, masih berfungsi baik dan terawat.",22,ADA,-,-
2025.0,Kalimantan Selatan,Kab. Tanah Laut,53993.43,543.17,1.01,16816.36,31.15,17359.54,32.15,3.1,22.71,0.05,P 1,,2025.0,1.0,TPA Bakunci,TPA Pemda (Non Regional),A,16793.65,16681.96,33.95,0.0,77.75,0.0,Jl. Raya Taskisung,Karang Taruna,Pelaihari,Pemda DATI II,13,Control Landfill,2007,-,-,Kombinasi timbangan dengan Komputer (excel / tidak otomatis),Ada dan berfungsi dengan baik,Tiga hari sekali atau seminggu dua kali,2,"Ada, Instalasi Pengolahan Air Lindi (IPAL) di TPA berupa kolam pengendapan dan proses biologi serta proses kimia, masih berfungsi baik dan terawat.",1,ADA,Untuk Bahan Bakar,-
2025.0,Kalimantan Selatan,Kab. Tapin,27805.7,3.83,0.01,3793.81,13.64,3797.65,13.66,2.19,3793.81,13.65,P 1,,2025.0,2.0,TPA HATIWIN,TPA Pemda (Non Regional),A,17172.52,17172.52,0.0,0.0,0.0,0.0,Jalan Antang,Desa Hatiwin,Tapin Selatan,Pemda DATI II,8,Open Dumping,1-01-2013,2023,600,Otomatis Komputerisasi (Aplikasi Khusus TPA),Ada dan berfungsi dengan baik,Dua minggu sekali,4,"Ada, Instalasi Pengolahan Air Lindi (IPAL) di TPA berupa kolam pengendapan dan proses biologi, masih berfungsi baik dan terawat.",12,ADA,Tidak ada. Melepas gas Metana ke udara.,-
2025.0,Kalimantan Selatan,Kota Banjarmasin,174188.15,35.41,0.02,117162.4,67.26,117197.81,67.28,35.41,17931.31,10.31,P 1,,2025.0,2.0,TPA Sampah Regional Banjarbakula,TPA Regional,A,85191.37,85191.37,0.0,0.0,0.0,0.0,"Cempaka, Kec. Cemp., Kota Banjar Baru, Kalimantan Selatan",,,,0,Control Landfill,-,-,80000,-,-,Sebulan sekali,-,-,-,TIDAK ADA,-,-
2025.0,Kalimantan Tengah,Kab. Barito Selatan,24813.8,0.0,0.0,761.94,3.07,761.94,3.07,0.0,761.94,3.07,P 1,,,,,,,,,,,,,,,,,,,,,,,,,,,,,,
2025.0,Kalimantan Tengah,Kab. Barito Timur,17032.94,0.0,0.0,267.15,1.57,267.15,1.57,0.0,267.15,1.57,P 1,,2025.0,2.0,TPA Luaw Benawa,TPA Pemda (Non Regional),A,4982.25,4876.4,0.0,0.0,105.85,0.0,Murutuwu,Murutuwu,Paju Epat,Pemda DATI II,2.2,Open Dumping,2008,-,6000,Manual Book,Tidak Ada,Tidak ditutup sama sekali,-,Tidak ada Instalasi Pengolahan Air Lindi (IPAL) di TPA,-,ADA,-,-
,Kalimantan Tengah,Kab. Barito Utara,,,,,,,,,,,,,2025.0,2.0,TPA KM 13,TPA Pemda (Non Regional),A,6745.2,6745.2,0.0,0.0,0.0,0.0,Jl. Negara Muara Teweh - Puruk Cahu Km.13,Desa Ipu,Lahei,Pemda DATI II,5,Open Dumping,1-1-2017,2022,12000,Manual Book,Tidak Ada,Dua minggu sekali,2,"Ada, Instalasi Pengolahan Air Lindi (IPAL) di TPA hanya berupa kolam pengendapan saja tanpa proses biologi atau proses kimia, masih berfungsi baik dan terawat.",4,ADA,Tidak ada. Gas Metana dibakar.,-
2025.0,Kalimantan Tengah,Kab. Kapuas,78507.85,0.0,0.0,9282.23,11.82,9282.23,11.82,0.0,1094.55,1.39,P 1,,2025.0,2.0,TPA HANDEL PALINGET,TPA Pemda (Non Regional),A,8146.07,7963.21,25.92,0.0,156.95,0.0,"Jl. Pemuda KM. 7,5",Selat Utara,Selat,Pemda DATI II,11.5,Control Landfill,30 Desember 2016,-,24740,Kombinasi timbangan dengan Komputer (excel / tidak otomatis),Ada dan berfungsi dengan baik,Tiga hari sekali atau seminggu dua kali,2,"Ada, Instalasi Pengolahan Air Lindi (IPAL) di TPA hanya berupa kolam pengendapan saja tanpa proses biologi atau proses kimia, masih berfungsi baik dan terawat.",12,ADA,Tidak ada. Gas Metana dibakar.,-
2025.0,Kalimantan Tengah,Kab. Katingan,26566.6,3009.75,11.33,179.85,0.68,3189.6,12.01,3009.75,179.85,12.01,P 1,,2025.0,1.0,TPA PENDAHARA BARU,TPA Pemda (Non Regional),A,3431.04,3285.04,0.0,0.0,146.0,0.0,Desa Tewang Baringin Kecamatan Tewang Sangalang Garing,,,Pemda DATI II,100,Open Dumping,2019,-,250000,Manual Book,Tidak Ada,Tujuh hari sekali atau Seminggu Sekali,-,"Ada, Instalasi Pengolahan Air Lindi (IPAL) di TPA hanya berupa kolam pengendapan saja tanpa proses biologi atau proses kimia, masih berfungsi baik dan terawat.",2,TIDAK ADA,Tidak ada. Gas Metana dibakar.,-
2025.0,Kalimantan Tengah,Kab. Kotawaringin Barat,51609.18,2.18,0.0,41197.81,79.83,41199.99,79.83,0.0,5435.11,10.53,P 1,,2025.0,2.0,TPA Pangkalan Bun,TPA Pemda (Non Regional),A,37814.0,37295.7,43.8,474.5,0.0,0.0,Jalan Translik,Desa Pasir Panjang,Arut selatan,Pemda DATI II,3,Sanitary Landfill,2013,-,50000,Manual Book,Ada dan berfungsi dengan baik,Setiap hari,4,"Ada, Instalasi Pengolahan Air Lindi (IPAL) di TPA berupa kolam pengendapan dan proses biologi, masih berfungsi baik dan terawat.",4,ADA,Untuk Energi Listrik,-
2025.0,Kalimantan Tengah,Kab. Kotawaringin Timur,89584.91,44.8,0.05,11048.97,12.33,11093.77,12.38,0.0,11048.97,12.33,P 1,,2025.0,2.0,TPA Kota Sampit,TPA Pemda (Non Regional),A,31280.5,27214.4,219.0,0.0,3847.1,0.0,Jenderal Sudirman Km.14,Pasir Putih,Mentawa Baru Ketapang,Pemda DATI II,64.7,Open Dumping,1997,-,6400,Manual Book,Ada tapi sedang rusak,Dua minggu sekali,2,"Ada, Instalasi Pengolahan Air Lindi (IPAL) di TPA berupa kolam pengendapan dan proses biologi, masih berfungsi baik dan terawat.",12,ADA,Tidak ada. Gas Metana dibakar.,-
2025.0,Kalimantan Tengah,Kab. Murung Raya,22683.11,4.56,0.02,6606.5,29.13,6611.06,29.15,4.56,36.5,0.18,P 1,,2025.0,1.0,TPA SEMPANGO,TPA Pemda (Non Regional),A,6570.0,6471.45,0.0,0.0,98.55,0.0,Jl. Lintas Kalimantan Poros Tengah,Beriwit,Murung,Pemda DATI II,7,Control Landfill,-,-,20000,Manual Book,Tidak Ada,Tujuh hari sekali atau Seminggu Sekali,2,"Ada, Instalasi Pengolahan Air Lindi (IPAL) di TPA berupa kolam pengendapan dan proses biologi serta proses kimia, masih berfungsi baik dan terawat.",-,ADA,Tidak ada. Gas Metana dibakar.,-
2025.0,Kalimantan Tengah,Kab. Pulang Pisau,26401.0,0.0,0.0,1073.47,4.07,1073.47,4.07,0.0,1073.47,4.07,P 1,,2025.0,2.0,TPA Desa Gohong,TPA Pemda (Non Regional),A,1547.23,1510.73,25.55,0.0,10.95,0.0,Jl. Trans Kalimantan,,,Pemda DATI II,6.43,Open Dumping,2010,2029,13050,Manual Book,Tidak Ada,Dua minggu sekali,-,Tidak ada Instalasi Pengolahan Air Lindi (IPAL) di TPA,-,TIDAK ADA,-,-
2025.0,Kalimantan Tengah,Kab. Seruyan,31811.58,0.0,0.0,23.55,0.07,23.55,0.07,0.0,23.55,0.07,P 1,,,,,,,,,,,,,,,,,,,,,,,,,,,,,,
2025.0,Kalimantan Tengah,Kab. Sukamara,9816.16,0.0,0.0,5087.99,51.83,5087.99,51.83,0.0,619.37,6.31,P 1,,,,,,,,,,,,,,,,,,,,,,,,,,,,,,
2025.0,Kalimantan Tengah,Kota Palangkaraya,59240.96,6079.89,10.26,51909.04,87.62,57988.93,97.89,5989.65,10372.04,27.62,P 1,,2025.0,2.0,TPA KM.14,TPA Pemda (Non Regional),A,41537.0,41537.0,0.0,0.0,0.0,0.0,Tjilik Riwut Km. 14,Bukit Tunggal,Jekan Raya,Pemda DATI II,10,Control Landfill,2000,20,34.3,Kombinasi timbangan dengan Komputer (excel / tidak otomatis),Ada dan berfungsi dengan baik,Sebulan sekali,1,"Ada, Instalasi Pengolahan Air Lindi (IPAL) di TPA hanya berupa kolam pengendapan saja tanpa proses biologi atau proses kimia, masih berfungsi baik dan terawat.",4,ADA,Tidak ada. Gas Metana dibakar.,-
2025.0,Kalimantan Timur,Kab. Berau,55377.8,174.79,0.32,6376.08,11.51,6550.88,11.83,71.06,6376.08,11.64,P 1,,2025.0,2.0,TPA Bujangga,TPA Pemda (Non Regional),A,30742.49,30742.49,0.0,0.0,0.0,0.0,Jl. Sultan Agung,Sei. Bedungun,Tanjung Redeb,Pemda DATI II,11.35,Open Dumping,2012,-,10000,Kombinasi timbangan dengan Komputer (excel / tidak otomatis),Ada tapi sedang rusak,Sebulan sekali,2,Tidak ada Instalasi Pengolahan Air Lindi (IPAL) di TPA,3,ADA,Tidak ada. Gas Metana dibakar.,-
2025.0,Kalimantan Timur,Kab. Kutai Barat,25662.97,0.0,0.0,340.07,1.33,340.07,1.33,0.0,340.07,1.33,P 1,,2025.0,2.0,TPA Belaw,TPA Pemda (Non Regional),A,11362.45,11108.77,0.0,0.0,253.68,0.0,Jl.Gesaliq,Barong Tongkok,Barong Tongkok,Pemda DATI II,15,Open Dumping,2013,-,7,Manual Book,-,Tidak ditutup sama sekali,2,"Ada, Instalasi Pengolahan Air Lindi (IPAL) di TPA berupa kolam pengendapan dan proses biologi, masih berfungsi baik dan terawat.",6,TIDAK ADA,-,-
2025.0,Kalimantan Timur,Kab. Kutai Kartanegara,144325.51,57.92,0.04,23515.98,16.29,23573.9,16.33,57.49,22946.58,15.94,P 1,,2025.0,2.0,TPA Kec. Kembang Janggut,TPA Pemda (Non Regional),A,7778.15,7230.65,0.0,0.0,547.5,0.0,Desa Kembang Janggut,Kembang Janggut,Kembang janggut,Pemda DATI II,3,Open Dumping,2019,-,2000,Manual Book,Tidak Ada,Setahun Sekali,-,-,-,TIDAK ADA,-,-
2025.0,Kalimantan Timur,Kab. Kutai Kartanegara,144325.51,57.92,0.04,23515.98,16.29,23573.9,16.33,57.49,22946.58,15.94,P 1,,2025.0,2.0,TPA Kec. Muara Badak,TPA Pemda (Non Regional),A,8760.0,8212.5,0.0,0.0,547.5,0.0,Desa Tanah Datar,Desa Tanah datar,Muara Badak,Pemda DATI II,10,Open Dumping,-,-,10000,Manual Book,Tidak Ada,Setahun Sekali,-,Tidak ada Instalasi Pengolahan Air Lindi (IPAL) di TPA,-,TIDAK ADA,Tidak ada. Gas Metana dibakar.,-
2025.0,Kalimantan Timur,Kab. Kutai Kartanegara,144325.51,57.92,0.04,23515.98,16.29,23573.9,16.33,57.49,22946.58,15.94,P 1,,2025.0,2.0,TPA Kec. Samboja,TPA Pemda (Non Regional),A,7205.1,0.0,0.0,7205.1,0.0,0.0,Desa Sungai Merdeka,Sungai Merdeka,Samboja,Pemda DATI II,40,Open Dumping,2019,-,2000,Manual Book,Tidak Ada,Setahun Sekali,-,Tidak ada Instalasi Pengolahan Air Lindi (IPAL) di TPA,-,ADA,Tidak ada. Gas Metana dibakar.,-
2025.0,Kalimantan Timur,Kab. Kutai Kartanegara,144325.51,57.92,0.04,23515.98,16.29,23573.9,16.33,57.49,22946.58,15.94,P 1,,2025.0,2.0,TPA Kec. Loa Janan,TPA Pemda (Non Regional),A,18615.0,18615.0,0.0,0.0,0.0,0.0,Jalan Putat,Loa Duri Ilir,Loa Janan,Pemda DATI II,36,Open Dumping,2020,-,30000,Manual Book,Tidak Ada,Tiga atau Empat Bulan Sekali,-,-,-,TIDAK ADA,-,-
2025.0,Kalimantan Timur,Kab. Kutai Kartanegara,144325.51,57.92,0.04,23515.98,16.29,23573.9,16.33,57.49,22946.58,15.94,P 1,,2025.0,2.0,TPA Kec. Kota Bangun,TPA Pemda (Non Regional),A,17552.85,17005.35,0.0,0.0,547.5,0.0,Desa Loleng Kecamatan Kota bangun,Desa Loleng,Kota Bangun,Pemda DATI II,4.38,Open Dumping,2020,-,30000,Manual Book,Tidak Ada,Tiga atau Empat Bulan Sekali,-,Tidak ada Instalasi Pengolahan Air Lindi (IPAL) di TPA,-,ADA,Tidak ada. Gas Metana dibakar.,-
2025.0,Kalimantan Timur,Kab. Kutai Kartanegara,144325.51,57.92,0.04,23515.98,16.29,23573.9,16.33,57.49,22946.58,15.94,P 1,,2025.0,2.0,TPA Bekotok,TPA Pemda (Non Regional),A,22265.0,19527.5,0.0,0.0,2737.5,0.0,Jln Triu,Loa Ipuh,Tenggarong,Pemda DATI II,5,Open Dumping,1993,-,13500,Manual Book,Ada tapi sedang rusak,Tiga atau Empat Bulan Sekali,1,"Ada, Instalasi Pengolahan Air Lindi (IPAL) di TPA hanya berupa kolam pengendapan saja tanpa proses biologi atau proses kimia, masih berfungsi baik dan terawat.",2,ADA,Untuk Bahan Bakar,5
2025.0,Kalimantan Timur,Kab. Kutai Timur,83280.77,545.34,0.65,6177.61,7.42,6722.95,8.07,545.34,6177.61,8.07,P 1,,,,,,,,,,,,,,,,,,,,,,,,,,,,,,
2025.0,Kalimantan Timur,Kab. Mahakam Ulu,6888.69,79.94,1.16,0.0,0.0,79.94,1.16,79.94,0.0,1.16,P 1,,,,,,,,,,,,,,,,,,,,,,,,,,,,,,
2025.0,Kalimantan Timur,Kab. Paser,46805.08,9.94,0.02,39379.18,84.13,39389.12,84.16,0.0,4535.17,9.69,P 1,,2025.0,2.0,TPA SONGKA,TPA Pemda (Non Regional),A,6293.11,6198.21,0.0,0.0,94.9,0.0,"Desa Songka, Kecamatan Batu Sopang",,,Pemda DATI II,6,Control Landfill,01 Juni 2011,-,3544,Otomatis Komputerisasi (Aplikasi Khusus TPA),Ada dan berfungsi dengan baik,Tujuh hari sekali atau Seminggu Sekali,1,-,1,ADA,Tidak ada. Gas Metana dibakar.,-
2025.0,Kalimantan Timur,Kab. Paser,46805.08,9.94,0.02,39379.18,84.13,39389.12,84.16,0.0,4535.17,9.69,P 1,,2025.0,2.0,TPA KM7 JANJU,TPA Pemda (Non Regional),A,28794.85,28564.9,0.0,0.0,229.95,0.0,Jl. Negara Km. 7,JANJU,Grogot,Pemda DATI II,22.2,Control Landfill,1-1-2010,2020,11,Otomatis Komputerisasi (Aplikasi Khusus TPA),Ada dan berfungsi dengan baik,Tujuh hari sekali atau Seminggu Sekali,1,"Ada, Instalasi Pengolahan Air Lindi (IPAL) di TPA berupa kolam pengendapan dan proses biologi, masih berfungsi baik dan terawat.",4,ADA,Tidak ada. Melepas gas Metana ke udara.,-
2025.0,Kalimantan Timur,Kab. Penajam Paser Utara,37168.13,61.85,0.17,24923.1,67.06,24984.94,67.22,50.74,5924.85,16.08,P 1,,2025.0,2.0,TPA Buluminung,TPA Pemda (Non Regional),A,19158.85,18976.35,146.0,0.0,36.5,0.0,Buluminung,Buluminung,Penajam,Pemda DATI II,18.9,Control Landfill,10 Februari 2012,-,11559,Kombinasi timbangan dengan Komputer (excel / tidak otomatis),Ada dan berfungsi dengan baik,Tujuh hari sekali atau Seminggu Sekali,4,"Ada, Instalasi Pengolahan Air Lindi (IPAL) di TPA hanya berupa kolam pengendapan saja tanpa proses biologi atau proses kimia, masih berfungsi baik dan terawat.",2,ADA,Tidak ada. Gas Metana dibakar.,-
2025.0,Kalimantan Timur,Kota Balikpapan,201230.52,824.08,0.41,199205.01,98.99,200029.08,99.4,823.48,58344.2,29.4,P 1,,2025.0,2.0,UPTD TPA Sampah Manggar,TPA Pemda (Non Regional),A,141258.65,128779.67,105.49,0.0,12373.5,0.0,Jln. Proklamasi 36,,,Pemda DATI II,0,Sanitary Landfill,-,-,79000,Otomatis Komputerisasi (Aplikasi Khusus TPA),Ada dan berfungsi dengan baik,Setiap hari,1,"Ada, Instalasi Pengolahan Air Lindi (IPAL) di TPA hanya berupa kolam pengendapan saja tanpa proses biologi atau proses kimia, masih berfungsi baik dan terawat.",4,ADA,Untuk Bahan Bakar,380
2025.0,Kalimantan Timur,Kota Bontang,39504.18,194.55,0.49,39203.85,99.24,39398.4,99.73,194.55,9233.7,23.87,P 1,,2025.0,2.0,TPA Bontang Lestari,TPA Pemda (Non Regional),A,26542.8,26200.43,25.55,240.9,75.92,0.0,Jl. Pramuka 1 kelurahan Bontang lestari,Bontang Lestari,Bontang Lestari,Pemda DATI II,15,Sanitary Landfill,2008,2028,25000,Kombinasi timbangan dengan Komputer (excel / tidak otomatis),Ada dan berfungsi dengan baik,Setiap hari,2,"Ada, Instalasi Pengolahan Air Lindi (IPAL) di TPA berupa kolam pengendapan dan proses biologi serta proses kimia, masih berfungsi baik dan terawat.",12,ADA,Untuk Bahan Bakar,2
2025.0,Kalimantan Timur,Kota Samarinda,239898.5,208.22,0.09,19440.77,8.1,19648.99,8.19,206.38,19440.77,8.19,P 1,,2025.0,2.0,TPA Sambutan,TPA Pemda (Non Regional),A,179861.05,179831.47,9.57,20.0,0.0,0.0,Jl. Pelita VII,Sambutan,Sambutan,Pemda DATI II,30,Open Dumping,2013,-,23226,Kombinasi timbangan dengan Komputer (excel / tidak otomatis),Ada dan berfungsi dengan baik,Tiga atau Empat Bulan Sekali,-,"Ada, Instalasi Pengolahan Air Lindi (IPAL) di TPA hanya berupa kolam pengendapan saja tanpa proses biologi atau proses kimia, masih berfungsi baik dan terawat.",1,ADA,Tidak ada. Gas Metana dibakar.,-
2025.0,Kalimantan Utara,Kab. Bulungan,31409.35,0.0,0.0,6.99,0.02,6.99,0.02,0.0,6.99,0.02,P 1,,2025.0,2.0,TPA Tanjung Selor,TPA Pemda (Non Regional),A,30813.3,30594.3,0.0,0.0,219.0,0.0,Kilo 9,,,Pemda DATI II,0,Control Landfill,13/04/2020,18/03/2025,-,Manual Book,Tidak Ada,Tujuh hari sekali atau Seminggu Sekali,-,"Ada, Instalasi Pengolahan Air Lindi (IPAL) di TPA berupa kolam pengendapan dan proses biologi serta proses kimia, masih berfungsi baik dan terawat.",-,ADA,-,-
,Kalimantan Utara,Kab. Malinau,,,,,,,,,,,,,2025.0,2.0,TPA SEMPAYANG,TPA Pemda (Non Regional),A,8504.5,8441.64,0.0,0.0,62.86,0.0,"DESA SEMPAYANG, KEC. MALINAU BARAT, KAB. MALINAU",,,Pemda DATI II,1124,Open Dumping,2014,2029,7000,Manual Book,Ada tapi sedang rusak,Tiga atau Empat Bulan Sekali,-,"Ada, Instalasi Pengolahan Air Lindi (IPAL) di TPA tetapi sudah rusak atau tidak berfungsi dengan baik dan tidak terawat",-,ADA,-,-
2025.0,Kalimantan Utara,Kab. Nunukan,16703.8,0.34,0.0,12494.2,74.8,12494.54,74.8,0.0,3369.2,20.17,P 1,,2025.0,2.0,TPA  Bukit Aru Indah,TPA Pemda (Non Regional),A,3285.0,3285.0,0.0,0.0,0.0,0.0,Jl.padaelo,,,Pemda DATI II,4,Control Landfill,1 November 2024,2031,-,Manual Book,Tidak Ada,Tiga hari sekali atau seminggu dua kali,-,"Ada, Instalasi Pengolahan Air Lindi (IPAL) di TPA hanya berupa kolam pengendapan saja tanpa proses biologi atau proses kimia, masih berfungsi baik dan terawat.",3,ADA,-,-
2025.0,Kalimantan Utara,Kab. Nunukan,16703.8,0.34,0.0,12494.2,74.8,12494.54,74.8,0.0,3369.2,20.17,P 1,,2025.0,2.0,TPA Tanjung Harapan,TPA Pemda (Non Regional),A,8030.0,8030.0,0.0,0.0,0.0,0.0,Jl. Mamolo Tg Harapan,Tanjung Harapan,Nunukan Selatan,Pemda DATI II,10.6,Control Landfill,01/03/2013,2031,6400,Manual Book,Ada tapi sedang rusak,Setiap hari,3,"Ada, Instalasi Pengolahan Air Lindi (IPAL) di TPA berupa kolam pengendapan dan proses biologi, masih berfungsi baik dan terawat.",4,ADA,Tidak ada. Gas Metana dibakar.,-
2025.0,Kalimantan Utara,Kab. Tana Tidung,4425.99,0.0,0.0,2870.89,64.86,2870.89,64.86,0.0,31.89,0.72,P 1,,2025.0,2.0,TPA,TPA Pemda (Non Regional),A,2839.01,2839.01,0.0,0.0,0.0,0.0,LImbu Sedulun,,,Pemda DATI II,16,Control Landfill,-,-,3000,Manual Book,Tidak Ada,Tujuh hari sekali atau Seminggu Sekali,-,"Ada, Instalasi Pengolahan Air Lindi (IPAL) di TPA berupa kolam pengendapan dan proses biologi, masih berfungsi baik dan terawat.",-,ADA,Tidak ada. Gas Metana dibakar.,-
,Kalimantan Utara,Kota Tarakan,,,,,,,,,,,,,2025.0,2.0,TPA JUATA KERIKIL,TPA Pemda (Non Regional),A,40387.62,39616.25,1.21,0.0,770.15,0.0,Juata Kerikil,,,Pemda DATI II,50,Open Dumping,28 februari 2024,-,5000,Otomatis Komputerisasi (Aplikasi Khusus TPA),-,Sebulan sekali,2,"Ada, Instalasi Pengolahan Air Lindi (IPAL) di TPA berupa kolam pengendapan dan proses biologi serta proses kimia, masih berfungsi baik dan terawat.",-,ADA,Tidak ada. Gas Metana dibakar.,-
2025.0,Kepulauan Bangka Belitung,Kab. Bangka Barat,31977.94,17.71,0.06,8196.27,25.63,8213.99,25.69,16.07,531.27,1.71,P 1,,2025.0,2.0,TPA AIR BELO,TPA Pemda (Non Regional),A,7665.0,7540.9,14.6,109.5,0.0,0.0,"JL RAYA MUNTOK PANGKALPINANG, PAL 9, DS. AIR BELO, MUNTOK, BANGKABARAT",AIR BELO,MUNTOK,Pemda DATI II,4.2,Control Landfill,2012,DESEMBER 2022,1,Otomatis Komputerisasi (Aplikasi Khusus TPA),Tidak Ada,Sebulan sekali,2,Tidak ada Instalasi Pengolahan Air Lindi (IPAL) di TPA,2,ADA,Tidak ada. Gas Metana dibakar.,-
,Kepulauan Bangka Belitung,Kab. Bangka Selatan,,,,,,,,,,,,,2025.0,2.0,TPA JUNJUNG BESAOH,TPA Pemda (Non Regional),A,14447.43,13265.93,389.82,0.0,791.68,0.0,Jl Kepoh,Kepoh,Toboali,Pemda DATI II,15,Control Landfill,4 Februari 2010,Desember 2022,18000,Kombinasi timbangan dengan Komputer (excel / tidak otomatis),Ada tapi sedang rusak,Tujuh hari sekali atau Seminggu Sekali,3,"Ada, Instalasi Pengolahan Air Lindi (IPAL) di TPA berupa kolam pengendapan dan proses biologi, masih berfungsi baik dan terawat.",3,ADA,Tidak ada. Melepas gas Metana ke udara.,-
2025.0,Kepulauan Bangka Belitung,Kab. Bangka Tengah,42355.8,1.33,0.0,8227.25,19.42,8228.59,19.43,0.0,8227.25,19.42,P 1,,2025.0,2.0,Simpang Jongkong Kabupaten Bangka Tengah,TPA Pemda (Non Regional),A,23399.71,23384.97,0.0,0.0,14.74,0.0,Jl Raya Kulur,Simpang Perlang,Koba,Pemda DATI II,40,Open Dumping,2010,-,5000,Manual Book,Tidak Ada,Setahun Sekali,2,"Ada, Instalasi Pengolahan Air Lindi (IPAL) di TPA berupa kolam pengendapan dan proses biologi serta proses kimia, masih berfungsi baik dan terawat.",6,ADA,-,-
2025.0,Kepulauan Bangka Belitung,Kab. Belitung Timur,19344.27,0.0,0.0,5992.36,30.98,5992.36,30.98,0.0,4.04,0.02,P 1,,2025.0,2.0,TPA Trafo Mayang,TPA Pemda (Non Regional),A,11983.97,11612.72,371.25,0.0,0.0,0.0,Desa Sukamandi Kecamatan Damar Kabupaten Belitung Timur Prov.Kep.Bangka Belitung,Sukamandi,Damar,Pemda DATI II,12,Open Dumping,Desember 2014,2020,8000,Kombinasi timbangan dengan Komputer (excel / tidak otomatis),Ada dan berfungsi dengan baik,Dua minggu sekali,3,"Ada, Instalasi Pengolahan Air Lindi (IPAL) di TPA hanya berupa kolam pengendapan saja tanpa proses biologi atau proses kimia, masih berfungsi baik dan terawat.",2,ADA,Tidak ada. Gas Metana dibakar.,-
2025.0,Kepulauan Riau,Kab. Bintan,21729.66,256.99,1.18,18812.38,86.57,19069.38,87.76,239.08,1255.88,6.88,P 1,,2025.0,2.0,TPA Sei Enam,TPA Pemda (Non Regional),A,16017.73,12960.19,1825.0,1232.55,0.0,0.0,Jl. Sei Enam Darat,Sungai Enam,Bintan Timur,Pemda DATI II,5,Control Landfill,tahun 2012,2042,12000,Manual Book,Tidak Ada,Tiga hari sekali atau seminggu dua kali,2,"Ada, Instalasi Pengolahan Air Lindi (IPAL) di TPA berupa kolam pengendapan dan proses biologi, masih berfungsi baik dan terawat.",2,ADA,Tidak ada. Melepas gas Metana ke udara.,-
2025.0,Kepulauan Riau,Kab. Lingga,18610.99,9.32,0.05,1227.5,6.6,1236.82,6.65,0.0,1227.5,6.6,P 1,,,,,,,,,,,,,,,,,,,,,,,,,,,,,,
,Kepulauan Riau,Kab. Natuna,,,,,,,,,,,,,2025.0,2.0,TPA Sebayar,TPA Pemda (Non Regional),A,4460.3,4460.3,0.0,0.0,0.0,0.0,Jalan Batu Sisir Desa Sungai Ulu Kecamatan Bunguran Timur,,,Pemda DATI II,25,Open Dumping,-,-,5000,Manual Book,Tidak Ada,Sebulan sekali,-,Tidak ada Instalasi Pengolahan Air Lindi (IPAL) di TPA,-,ADA,Tidak ada. Gas Metana dibakar.,-
2025.0,Kepulauan Riau,Kota Tanjung Pinang,56930.51,12.96,0.02,50321.54,88.39,50334.49,88.41,12.96,14009.51,24.63,P 1,,,,,,,,,,,,,,,,,,,,,,,,,,,,,,
2025.0,Lampung,Kab. Lampung Barat,46670.8,0.01,0.0,15267.48,32.71,15267.49,32.71,0.0,2200.48,4.71,P 1,,2025.0,2.0,TPA BAHWAY....,TPA Pemda (Non Regional),A,12826.1,12583.37,60.23,0.0,182.5,0.0,Jl. BAHWAY,PEKON BAHWAY,BALIK BUKIT,Pemda DATI II,2,Control Landfill,2009,2025,15000,Kombinasi timbangan dengan Komputer (excel / tidak otomatis),Ada dan berfungsi dengan baik,Tiga hari sekali atau seminggu dua kali,3,"Ada, Instalasi Pengolahan Air Lindi (IPAL) di TPA berupa kolam pengendapan dan proses biologi, masih berfungsi baik dan terawat.",9,ADA,Untuk Bahan Bakar,2
2025.0,Lampung,Kab. Lampung Selatan,284724.35,0.23,0.0,129.14,0.05,129.38,0.05,0.0,129.14,0.05,P 1,,2025.0,2.0,TPA Tanjung Sari Natar,,A,38325.0,38325.0,0.0,0.0,0.0,0.0,Desa Tanjung Sari Natar,,,,0,Open Dumping,-,-,1000,-,Tidak Ada,Tiga atau Empat Bulan Sekali,-,-,-,ADA,-,-
2025.0,Lampung,Kab. Lampung Selatan,284724.35,0.23,0.0,129.14,0.05,129.38,0.05,0.0,129.14,0.05,P 1,,2025.0,2.0,TPA LUBUK KAMAL,,A,114318.0,114318.0,0.0,0.0,0.0,0.0,kalianda,,,,0,Open Dumping,-,-,500,-,Ada tapi sedang rusak,Sebulan sekali,5,-,-,ADA,-,-
,Lampung,Kab. Lampung Tengah,,,,,,,,,,,,,2025.0,2.0,TPA,TPA Pemda (Non Regional),A,14600.0,13833.5,365.0,365.0,36.5,0.0,Kampung Peninggiran Bandar Jaya Timur,,,Pemda DATI II,0,Open Dumping,-,-,19600,Manual Book,Tidak Ada,Dua minggu sekali,1,"Ada, Instalasi Pengolahan Air Lindi (IPAL) di TPA tetapi sudah rusak atau tidak berfungsi dengan baik dan tidak terawat",12,ADA,Tidak ada. Gas Metana dibakar.,-
2025.0,Lampung,Kab. Lampung Utara,98641.4,82.57,0.08,0.0,0.0,82.57,0.08,0.0,0.0,0.0,P 1,,2025.0,2.0,TPA,TPA Pemda (Non Regional),A,36390.5,29455.44,0.0,6935.0,0.05,0.0,Desa Alam Kari,,,Pemda DATI II,6,Open Dumping,-,-,4,Kombinasi timbangan dengan Komputer (excel / tidak otomatis),Ada tapi sedang rusak,Dua minggu sekali,5,"Ada, Instalasi Pengolahan Air Lindi (IPAL) di TPA hanya berupa kolam pengendapan saja tanpa proses biologi atau proses kimia, masih berfungsi baik dan terawat.",9,ADA,Tidak ada. Gas Metana dibakar.,-
2025.0,Lampung,Kab. Mesuji,35615.53,31.18,0.09,0.0,0.0,31.18,0.09,0.0,0.0,0.0,P 1,,2025.0,2.0,TPA Margo Rahayu,TPA Pemda (Non Regional),A,963.6,963.6,0.0,0.0,0.0,0.0,Desa Margo Rahayu Kecamatan Simpang Pematang Kabupaten Mesuji,,,Pemda DATI II,32,-,12 Oktober 2015,-,22880,Otomatis Komputerisasi (Aplikasi Khusus TPA),Ada dan berfungsi dengan baik,Tiga hari sekali atau seminggu dua kali,1,"Ada, Instalasi Pengolahan Air Lindi (IPAL) di TPA hanya berupa kolam pengendapan saja tanpa proses biologi atau proses kimia, masih berfungsi baik dan terawat.",12,ADA,Tidak ada. Gas Metana dibakar.,-
2025.0,Lampung,Kab. Pesawaran,73152.86,33.12,0.05,4654.5,6.36,4687.62,6.41,0.0,4654.5,6.36,P 1,,2025.0,2.0,TPA GEDONG TATAAN,TPA Pemda (Non Regional),A,11315.0,10585.0,0.0,0.0,730.0,0.0,DESA TAMAN SARI,TAMAN SARI,GEDONG TATAAN,Pemda DATI II,17,-,2011,-,15000,Manual Book,Tidak Ada,Tiga atau Empat Bulan Sekali,1,"Ada, Instalasi Pengolahan Air Lindi (IPAL) di TPA berupa kolam pengendapan dan proses biologi, masih berfungsi baik dan terawat.",1,ADA,-,-
2025.0,Lampung,Kab. Pesisir Barat,25360.2,12.6,0.05,54.75,0.22,67.35,0.27,0.0,54.75,0.22,P 1,,2025.0,2.0,TPA Balai Kencana,TPA Pemda (Non Regional),A,2190.0,2190.0,0.0,0.0,0.0,0.0,"Jalan Lintas Barat, Pekon Balai Kencana, Kec. Krui Selatan, Kab. Pesisir Barat",,,Pemda DATI II,3.5,Open Dumping,-,-,25000,Manual Book,Tidak Ada,Dua minggu sekali,2,"Ada, Instalasi Pengolahan Air Lindi (IPAL) di TPA tetapi sudah rusak atau tidak berfungsi dengan baik dan tidak terawat",1,ADA,Tidak ada. Gas Metana dibakar.,-
2025.0,Lampung,Kab. Pringsewu,64945.76,7.34,0.01,6978.97,10.75,6986.3,10.76,0.0,6978.97,10.75,P 1,,2025.0,1.0,TPA Bumi Ayu,TPA Pemda (Non Regional),A,15260.1,15260.1,0.0,0.0,0.0,0.0,Jln. Goa Maria,Fajar Esuk,Pringsewu,Pemda DATI II,5,Open Dumping,-,-,6210,Manual Book,Tidak Ada,Tiga atau Empat Bulan Sekali,1,"Ada, Instalasi Pengolahan Air Lindi (IPAL) di TPA tetapi sudah rusak atau tidak berfungsi dengan baik dan tidak terawat",2,ADA,Tidak ada. Gas Metana dibakar.,-
2025.0,Lampung,Kab. Tanggamus,137029.76,9.32,0.01,2935.04,2.14,2944.36,2.15,0.0,2935.04,2.14,P 1,,2025.0,2.0,TPA Kalimiring,TPA Pemda (Non Regional),A,11216.0,10326.36,371.75,73.07,444.82,0.0,Jl. Kalimiring,Kalimiring,Kota Agung Barat,Pemda DATI II,3.72,Control Landfill,15 Juni 2016,Masih Beroperasi,7700,Manual Book,Tidak Ada,Tujuh hari sekali atau Seminggu Sekali,2,"Ada, Instalasi Pengolahan Air Lindi (IPAL) di TPA berupa kolam pengendapan dan proses biologi, masih berfungsi baik dan terawat.",22,ADA,-,-
2025.0,Lampung,Kab. Tulang Bawang,64245.84,0.0,0.0,9.17,0.01,9.17,0.01,0.0,9.17,0.01,P 1,,2025.0,2.0,TPA PANCA MULYA,TPA Pemda (Non Regional),A,6821.85,6811.21,0.0,5.32,5.32,0.0,JALAN PANCA MULYA,PANCA MULYA,BANJAR AGUNG,Pemda DATI II,10,-,2011,-,15,Manual Book,Tidak Ada,Dua minggu sekali,-,"Ada, Instalasi Pengolahan Air Lindi (IPAL) di TPA hanya berupa kolam pengendapan saja tanpa proses biologi atau proses kimia, masih berfungsi baik dan terawat.",-,ADA,Tidak ada. Gas Metana dibakar.,-
,Lampung,Kab. Tulang Bawang Barat,,,,,,,,,,,,,2025.0,2.0,TPA Penumangan,TPA Pemda (Non Regional),A,10950.0,10767.5,0.0,0.0,182.5,0.0,Penumangan,,,Pemda DATI II,4,Open Dumping,2014,2030,6000,Manual Book,Tidak Ada,Sebulan sekali,4,"Ada, Instalasi Pengolahan Air Lindi (IPAL) di TPA hanya berupa kolam pengendapan saja tanpa proses biologi atau proses kimia, masih berfungsi baik dan terawat.",1,ADA,Tidak ada. Gas Metana dibakar.,-
,Lampung,Kab. Way Kanan,,,,,,,,,,,,,2025.0,2.0,TPA BLAMBANGAN UMPU,TPA Pemda (Non Regional),A,8762.51,7021.98,530.86,0.0,1209.66,0.0,Jl. blambangan umpu,BLAMBANGAN UMPU,BLAMBANGAN UMPU,Pemda DATI II,5,Control Landfill,2017,-,2714,Kombinasi timbangan dengan Komputer (excel / tidak otomatis),Ada dan berfungsi dengan baik,Tiga hari sekali atau seminggu dua kali,3,"Ada, Instalasi Pengolahan Air Lindi (IPAL) di TPA berupa kolam pengendapan dan proses biologi serta proses kimia, masih berfungsi baik dan terawat.",12,ADA,-,-
2025.0,Lampung,Kota Bandar Lampung,261022.21,0.0,0.0,199.52,0.08,199.52,0.08,0.0,199.52,0.08,P 1,,2025.0,2.0,TPA Bakung,TPA Pemda (Non Regional),A,219000.0,219000.0,0.0,0.0,0.0,0.0,Jl. Tulung Buyut,Bakung,Teluk Betung Barat,Pemda DATI II,13.47,Open Dumping,-,-,-,Manual Book,Ada tapi sedang rusak,Setahun Sekali,4,"Ada, Instalasi Pengolahan Air Lindi (IPAL) di TPA tetapi sudah rusak atau tidak berfungsi dengan baik dan tidak terawat",-,ADA,Untuk Energi Listrik,-
2025.0,Maluku,Kab. Buru,23224.95,1.1,0.0,2193.65,9.45,2194.75,9.45,1.1,2193.65,9.45,P 1,,,,,,,,,,,,,,,,,,,,,,,,,,,,,,
2025.0,Maluku,Kab. Maluku Barat Daya,13978.92,0.34,0.0,4.86,0.03,5.2,0.04,0.0,4.86,0.03,P 1,,,,,,,,,,,,,,,,,,,,,,,,,,,,,,
2025.0,Maluku,Kota Ambon,93589.91,0.0,0.0,73134.03,78.14,73134.03,78.14,0.0,7269.78,7.77,P 1,,2025.0,1.0,TPA Toisapu,TPA Pemda (Non Regional),A,65864.25,64157.87,0.0,1460.0,246.38,0.0,Dusun Ama Ory,Toisapu,Leitimur Selatan,Pemda DATI II,9,Control Landfill,-,-,10000,Otomatis Komputerisasi (Aplikasi Khusus TPA),Ada dan berfungsi dengan baik,Tiga hari sekali atau seminggu dua kali,2,"Ada, Instalasi Pengolahan Air Lindi (IPAL) di TPA hanya berupa kolam pengendapan saja tanpa proses biologi atau proses kimia, masih berfungsi baik dan terawat.",2,ADA,-,-
,Maluku,Kota Tual,,,,,,,,,,,,,2025.0,2.0,TPA KOTA TUAL,TPA Pemda (Non Regional),A,4624.11,4624.11,0.0,0.0,0.0,0.0,Desa Ohoitel Kota Tual,,,Pemda DATI II,0,Open Dumping,02-01-2017,-,768,Manual Book,Tidak Ada,Tidak ditutup sama sekali,-,"Ada, Instalasi Pengolahan Air Lindi (IPAL) di TPA tetapi sudah rusak atau tidak berfungsi dengan baik dan tidak terawat",-,TIDAK ADA,-,-
2025.0,Maluku Utara,Kab. Halmahera Selatan,47187.93,0.0,0.0,109.5,0.23,109.5,0.23,0.0,109.5,0.23,P 1,,2025.0,2.0,TPA Marabose,,A,6653.95,5658.96,310.62,554.8,129.58,0.0,Desa Marabose,,,,0,-,-,-,-,Manual Book,Tidak Ada,Tiga hari sekali atau seminggu dua kali,2,-,-,ADA,Tidak ada. Gas Metana dibakar.,-
2025.0,Maluku Utara,Kab. Halmahera Tengah,19436.25,0.0,0.0,8750.31,45.02,8750.31,45.02,0.0,1.26,0.01,P 1,,2025.0,1.0,TPA WEDA,TPA Pemda (Non Regional),A,8749.05,8749.05,0.0,0.0,0.0,0.0,KILO METER 9,,,Pemda DATI II,0,Control Landfill,-,-,5600,Manual Book,Ada dan berfungsi dengan baik,Tujuh hari sekali atau Seminggu Sekali,-,"Ada, Instalasi Pengolahan Air Lindi (IPAL) di TPA berupa kolam pengendapan dan proses biologi serta proses kimia, masih berfungsi baik dan terawat.",2,ADA,-,-
2025.0,Maluku Utara,Kab. Halmahera Timur,18336.32,0.0,0.0,0.0,0.0,0.0,0.0,0.0,0.0,0.0,P 1,,2025.0,2.0,TPA Maba,TPA Pemda (Non Regional),A,3142.65,2649.9,492.75,0.0,0.0,0.0,Jalan Trans Halmahera Ruas Maba-Gotowasi,,,Pemda DATI II,5,-,-,-,3000,Manual Book,Tidak Ada,-,2,"Ada, Instalasi Pengolahan Air Lindi (IPAL) di TPA berupa kolam pengendapan dan proses biologi serta proses kimia, masih berfungsi baik dan terawat.",-,ADA,Tidak ada. Gas Metana dibakar.,-
2025.0,Maluku Utara,Kab. Halmahera Utara,52692.53,0.14,0.0,643.5,1.22,643.64,1.22,0.0,643.5,1.22,P 1,,2025.0,2.0,TPA TOBELO MARAHAI,TPA Pemda (Non Regional),A,17092.95,16782.7,0.0,0.0,310.25,0.0,DESA GOSOMA KECAMATAN TOBELO,,,Pemda DATI II,5,Open Dumping,-,-,8034,Manual Book,Tidak Ada,Dua minggu sekali,1,"Ada, Instalasi Pengolahan Air Lindi (IPAL) di TPA berupa kolam pengendapan dan proses biologi serta proses kimia, masih berfungsi baik dan terawat.",-,ADA,Tidak ada. Gas Metana dibakar.,-
2025.0,Maluku Utara,Kab. Pulau Morotai,11951.56,0.0,0.0,0.0,0.0,0.0,0.0,0.0,0.0,0.0,P 1,,2025.0,2.0,TPA Dahegila,TPA Pemda (Non Regional),A,843.15,843.15,0.0,0.0,0.0,0.0,Desa Dahegila,Dahegila,Morotai Selatan,Pemda DATI II,3.8,Open Dumping,2017,-,5000,Manual Book,Tidak Ada,Tidak ditutup sama sekali,-,-,-,ADA,Tidak ada. Gas Metana dibakar.,-
2025.0,Nusa Tenggara Barat,Kab. Lombok Barat,111362.52,0.0,0.0,33726.49,30.29,33726.49,30.29,0.0,4143.24,3.72,P 1,,2025.0,2.0,TPA Kebun Kongok,TPA Regional,A,33941.35,27185.2,1697.25,4380.0,678.9,0.0,Kebon Kongok Desa Suka Makmur Gerung,,,Pemda DATI I,99999.99,Sanitary Landfill,1993,sampai sekarang,17000,Manual Book,Ada dan berfungsi dengan baik,Setiap hari,-,"Ada, Instalasi Pengolahan Air Lindi (IPAL) di TPA berupa kolam pengendapan dan proses biologi serta proses kimia, masih berfungsi baik dan terawat.",-,TIDAK ADA,-,-
2025.0,Nusa Tenggara Barat,Kab. Sumbawa Barat,23407.74,0.0,0.0,3154.26,13.48,3154.26,13.48,0.0,3154.26,13.48,P 1,,2025.0,2.0,TPA Batu Putih,TPA Pemda (Non Regional),A,14965.0,14800.75,0.0,0.0,164.25,0.0,Desa Batu Putih Kecamatan Taliwang,,,Pemda DATI II,5,Control Landfill,-,-,5,Manual Book,Tidak Ada,Tujuh hari sekali atau Seminggu Sekali,2,"Ada, Instalasi Pengolahan Air Lindi (IPAL) di TPA hanya berupa kolam pengendapan saja tanpa proses biologi atau proses kimia, masih berfungsi baik dan terawat.",-,ADA,-,-
2025.0,Nusa Tenggara Timur,Kab. Alor,32850.0,0.0,0.0,6737.17,20.51,6737.17,20.51,0.0,6737.17,20.51,P 1,,,,,,,,,,,,,,,,,,,,,,,,,,,,,,
2025.0,Nusa Tenggara Timur,Kab. Belu,33789.07,0.0,0.0,0.0,0.0,0.0,0.0,0.0,0.0,0.0,P 1,,2025.0,2.0,TPA LELOWAI,TPA Regional,A,15176.7,14939.45,109.5,73.0,54.75,0.0,DESA DEROKFATURENE,,,Pemda DATI I,0,-,-,-,450,Manual Book,Tidak Ada,Tujuh hari sekali atau Seminggu Sekali,-,"Ada, Instalasi Pengolahan Air Lindi (IPAL) di TPA tetapi sudah rusak atau tidak berfungsi dengan baik dan tidak terawat",-,ADA,-,-
2025.0,Nusa Tenggara Timur,Kab. Ende,41093.45,0.0,0.0,12.0,0.03,12.0,0.03,0.0,12.0,0.03,P 1,,2025.0,2.0,TPA RATE,TPA Pemda (Non Regional),A,10950.0,10950.0,0.0,0.0,0.0,0.0,Kelurahan Tanjung,,,Pemda DATI II,0.3,Open Dumping,-,-,3000,Manual Book,Tidak Ada,Dua minggu sekali,-,Tidak ada Instalasi Pengolahan Air Lindi (IPAL) di TPA,-,TIDAK ADA,-,-
2025.0,Nusa Tenggara Timur,Kab. Flores Timur,43397.04,0.0,0.0,76.11,0.18,76.11,0.18,0.0,76.11,0.18,P 1,,2025.0,2.0,TPA RIANGKOLI,TPA Pemda (Non Regional),A,6504.3,6504.3,0.0,0.0,0.0,0.0,Desa Sinamalaka Kec. Tanjung Bunga,,,Pemda DATI II,5,-,Januari 2018,Januari 2038,4800,Manual Book,Tidak Ada,Setahun Sekali,-,-,2,ADA,Tidak ada. Gas Metana dibakar.,-
2025.0,Nusa Tenggara Timur,Kab. Kupang,56970.66,0.48,0.0,0.0,0.0,0.48,0.0,0.48,0.0,0.0,P 1,,,,,,,,,,,,,,,,,,,,,,,,,,,,,,
2025.0,Nusa Tenggara Timur,Kab. Lembata,20928.37,1.87,0.01,2521.79,12.05,2523.66,12.06,0.0,73.0,0.35,P 1,,,,,,,,,,,,,,,,,,,,,,,,,,,,,,
2025.0,Nusa Tenggara Timur,Kab. Malaka,28252.46,0.0,0.0,0.0,0.0,0.0,0.0,0.0,0.0,0.0,P 1,,,,,,,,,,,,,,,,,,,,,,,,,,,,,,
2025.0,Nusa Tenggara Timur,Kab. Manggarai,51076.06,0.0,0.0,1371.54,2.69,1371.54,2.69,0.0,1371.54,2.69,P 1,,2025.0,2.0,TPA Mahima,TPA Pemda (Non Regional),A,843.15,843.15,0.0,0.0,0.0,0.0,Kelurahan Wangkung Kecamatan Reok,,,Pemda DATI II,2.38,Open Dumping,1 Januari 2023,-,-,Manual Book,Tidak Ada,Tidak ditutup sama sekali,-,Tidak ada Instalasi Pengolahan Air Lindi (IPAL) di TPA,-,TIDAK ADA,-,-
2025.0,Nusa Tenggara Timur,Kab. Manggarai,51076.06,0.0,0.0,1371.54,2.69,1371.54,2.69,0.0,1371.54,2.69,P 1,,2025.0,2.0,TPA open Dumping,TPA Pemda (Non Regional),A,8551.95,8197.53,0.0,0.0,354.42,0.0,Ncolang,,,Pemda DATI II,0,-,-,-,-,Manual Book,Tidak Ada,Setahun Sekali,-,Tidak ada Instalasi Pengolahan Air Lindi (IPAL) di TPA,-,TIDAK ADA,-,-
2025.0,Nusa Tenggara Timur,Kab. Manggarai Barat,53768.7,0.0,0.0,2206.31,4.1,2206.31,4.1,0.0,2206.31,4.1,P 1,,2025.0,2.0,TPA Labuan Bajo Warloka,TPA Pemda (Non Regional),A,9473.57,7648.57,0.0,1460.0,365.0,0.0,Warloka,,,Pemda DATI II,5,Open Dumping,-,-,13430,Kombinasi timbangan dengan Komputer (excel / tidak otomatis),Ada dan berfungsi dengan baik,Setahun Sekali,1,"Ada, Instalasi Pengolahan Air Lindi (IPAL) di TPA hanya berupa kolam pengendapan saja tanpa proses biologi atau proses kimia, masih berfungsi baik dan terawat.",11,ADA,Tidak ada. Gas Metana dibakar.,-
2025.0,Nusa Tenggara Timur,Kab. Manggarai Timur,36449.48,0.0,0.0,0.0,0.0,0.0,0.0,0.0,0.0,0.0,P 1,,,,,,,,,,,,,,,,,,,,,,,,,,,,,,
2025.0,Nusa Tenggara Timur,Kab. Nagekeo,24010.72,1106.59,4.61,724.92,3.02,1831.51,7.63,1106.59,724.92,7.63,P 1,,,,,,,,,,,,,,,,,,,,,,,,,,,,,,
2025.0,Nusa Tenggara Timur,Kab. Ngada,44479.48,0.0,0.0,7847.5,17.64,7847.5,17.64,0.0,0.0,0.0,P 1,,2025.0,2.0,TPA KOTA BAJAWA,TPA Pemda (Non Regional),A,6197.7,6197.7,0.0,0.0,0.0,0.0,"DESA NARU, KECAMATAN BAJAWA",,,Pemda DATI II,4.9,Control Landfill,01012019,-,9000,Manual Book,Tidak Ada,Tujuh hari sekali atau Seminggu Sekali,-,"Ada, Instalasi Pengolahan Air Lindi (IPAL) di TPA hanya berupa kolam pengendapan saja tanpa proses biologi atau proses kimia, masih berfungsi baik dan terawat.",-,ADA,Tidak ada. Gas Metana dibakar.,-
2025.0,Nusa Tenggara Timur,Kab. Rote Ndao,21976.07,0.0,0.0,361.39,1.64,361.39,1.64,0.0,361.39,1.64,P 1,,,,,,,,,,,,,,,,,,,,,,,,,,,,,,
2025.0,Nusa Tenggara Timur,Kab. Sabu Raijua,13838.9,2044.0,14.77,0.0,0.0,2044.0,14.77,2044.0,0.0,14.77,P 1,,,,,,,,,,,,,,,,,,,,,,,,,,,,,,
2025.0,Nusa Tenggara Timur,Kab. Sikka,50884.07,0.0,0.0,1564.03,3.07,1564.03,3.07,0.0,1564.03,3.07,P 1,,2025.0,2.0,TPA Wairii,TPA Pemda (Non Regional),A,11804.1,9468.1,912.5,1095.0,328.5,0.0,Wiarii Desa Kolisia Kecamatan Magepanda,,,Pemda DATI II,5,-,-,-,2,Manual Book,Tidak Ada,Tujuh hari sekali atau Seminggu Sekali,-,"Ada, Instalasi Pengolahan Air Lindi (IPAL) di TPA tetapi sudah rusak atau tidak berfungsi dengan baik dan tidak terawat",-,ADA,-,-
2025.0,Nusa Tenggara Timur,Kab. Sumba Barat,22631.9,0.0,0.0,0.0,0.0,0.0,0.0,0.0,0.0,0.0,P 1,,,,,,,,,,,,,,,,,,,,,,,,,,,,,,
2025.0,Nusa Tenggara Timur,Kab. Sumba Barat Daya,60000.71,0.0,0.0,0.0,0.0,0.0,0.0,0.0,0.0,0.0,P 1,,2025.0,2.0,TPA Ramadana,TPA Pemda (Non Regional),A,1825.0,1825.0,0.0,0.0,0.0,0.0,Desa Ramadana,,,Pemda DATI II,4.98,Open Dumping,-,-,-,Manual Book,Tidak Ada,Dua minggu sekali,1,"Ada, Instalasi Pengolahan Air Lindi (IPAL) di TPA tetapi sudah rusak atau tidak berfungsi dengan baik dan tidak terawat",-,TIDAK ADA,-,-
2025.0,Nusa Tenggara Timur,Kab. Sumba Tengah,13483.68,7.67,0.06,251.85,1.87,259.52,1.92,7.67,251.85,1.92,P 1,,2025.0,2.0,TPSS Watugaigal,TPA Pemda (Non Regional),A,328.5,0.0,0.0,328.5,0.0,0.0,Watugaigal,,,Pemda DATI II,0.12,Open Dumping,Tahun 2013,sampai sekarang,1200,Manual Book,Tidak Ada,Tidak ditutup sama sekali,-,Tidak ada Instalasi Pengolahan Air Lindi (IPAL) di TPA,-,TIDAK ADA,-,-
2025.0,Nusa Tenggara Timur,Kab. Sumba Timur,38658.76,0.0,0.0,80.99,0.21,80.99,0.21,0.0,80.99,0.21,P 1,,2025.0,2.0,TPA Laindeha,TPA Pemda (Non Regional),A,12045.0,11132.5,0.0,547.5,365.0,0.0,Jalan Waingapu - Tanarara,Watumbaka,Pandawai,Pemda DATI II,9,Open Dumping,17 Juni 2013,17 Juni 2033,21700,Manual Book,Tidak Ada,Tidak ditutup sama sekali,-,"Ada, Instalasi Pengolahan Air Lindi (IPAL) di TPA tetapi sudah rusak atau tidak berfungsi dengan baik dan tidak terawat",-,TIDAK ADA,-,-
2025.0,Nusa Tenggara Timur,Kab. Timor Tengah Utara,40019.18,0.0,0.0,0.0,0.0,0.0,0.0,0.0,0.0,0.0,P 1,,,,,,,,,,,,,,,,,,,,,,,,,,,,,,
2025.0,Nusa Tenggara Timur,Kota Kupang,86651.18,0.0,0.0,7529.76,8.69,7529.76,8.69,0.0,7529.76,8.69,P 1,,2025.0,2.0,TPA ALak,TPA Pemda (Non Regional),A,55866.75,55246.25,109.5,0.0,511.0,0.0,RT/RW 021/08,,,Pemda DATI II,9.14,Open Dumping,-,-,89590,Manual Book,Tidak Ada,Tujuh hari sekali atau Seminggu Sekali,-,Tidak ada Instalasi Pengolahan Air Lindi (IPAL) di TPA,-,TIDAK ADA,-,-
2025.0,Papua,Kab. Keerom,9502.7,0.0,0.0,0.0,0.0,0.0,0.0,0.0,0.0,0.0,P 1,,,,,,,,,,,,,,,,,,,,,,,,,,,,,,
2025.0,Papua,Kota Jayapura,88709.45,42.62,0.05,1068.9,1.2,1111.52,1.25,0.0,1068.9,1.2,P 1,,2025.0,2.0,TPA Koya Koso,,A,63648.7,63648.7,0.0,0.0,0.0,0.0,Jalan Jayapura-Keerom,,,,0,-,-,-,15540,Otomatis Komputerisasi (Aplikasi Khusus TPA),Ada dan berfungsi dengan baik,Sebulan sekali,1,"Ada, Instalasi Pengolahan Air Lindi (IPAL) di TPA hanya berupa kolam pengendapan saja tanpa proses biologi atau proses kimia, masih berfungsi baik dan terawat.",1,ADA,Tidak ada. Gas Metana dibakar.,-
,Papua Barat,Kab. Fak Fak,,,,,,,,,,,,,2025.0,2.0,TPA KADAMBER,TPA Pemda (Non Regional),A,5781.6,5781.6,0.0,0.0,0.0,0.0,KEL. WAGOM UTARA,,,Pemda DATI II,0,Open Dumping,-,-,2.44,Manual Book,Ada tapi sedang rusak,Tidak ditutup sama sekali,-,Tidak ada Instalasi Pengolahan Air Lindi (IPAL) di TPA,-,TIDAK ADA,-,-
2025.0,Papua Barat,Kab. Manokwari,53290.0,0.0,0.0,1460.0,2.74,1460.0,2.74,0.0,1460.0,2.74,P 1,,2025.0,2.0,TPA Sowi Gunung,TPA Pemda (Non Regional),A,38825.05,31525.05,0.0,0.0,7300.0,0.0,TPA Sowi Gunung Kampung Maisepi,Sowi,Manokwari Selatan,Pemda DATI II,51.6,Open Dumping,2009,-,12000,Manual Book,Tidak Ada,Dua minggu sekali,-,"Ada, Instalasi Pengolahan Air Lindi (IPAL) di TPA tetapi sudah rusak atau tidak berfungsi dengan baik dan tidak terawat",-,TIDAK ADA,-,-
2025.0,Papua Barat,Kab. Teluk Bintuni,13295.34,0.0,0.0,0.0,0.0,0.0,0.0,0.0,0.0,0.0,P 1,,2025.0,2.0,TPA Tisai,TPA Pemda (Non Regional),A,11081.4,11081.4,0.0,0.0,0.0,0.0,"Jalan Poros SPBU, Tisai",,,Pemda DATI II,1,-,-,-,10,Manual Book,Tidak Ada,Tidak ditutup sama sekali,-,"Ada, Instalasi Pengolahan Air Lindi (IPAL) di TPA tetapi sudah rusak atau tidak berfungsi dengan baik dan tidak terawat",-,ADA,-,-
,Papua Barat,Kab. Teluk Wondama,,,,,,,,,,,,,2025.0,2.0,TPA SIKAMA,TPA Pemda (Non Regional),A,2168.1,2168.1,0.0,0.0,0.0,0.0,KAMPUNG SENDERAWOI,,,Pemda DATI II,5,Open Dumping,2018,-,-,Manual Book,Tidak Ada,Sebulan sekali,-,"Ada, Instalasi Pengolahan Air Lindi (IPAL) di TPA tetapi sudah rusak atau tidak berfungsi dengan baik dan tidak terawat",-,TIDAK ADA,-,-
2025.0,Papua Barat Daya,Kab. Sorong,18931.67,45.98,0.24,2460.96,13.0,2506.94,13.24,40.15,2460.96,13.21,P 1,,2025.0,2.0,TPA Mariat Gunung,TPA Pemda (Non Regional),A,6084.55,5945.85,21.9,51.1,65.7,0.0,Jalan Klamono Km 32,,,Pemda DATI II,8.7,Open Dumping,-,-,8267,Manual Book,Tidak Ada,Tujuh hari sekali atau Seminggu Sekali,1,"Ada, Instalasi Pengolahan Air Lindi (IPAL) di TPA tetapi sudah rusak atau tidak berfungsi dengan baik dan tidak terawat",3,ADA,Tidak ada. Gas Metana dibakar.,-
2025.0,Papua Barat Daya,Kab. Tambrauw,5938.11,0.0,0.0,63.88,1.08,63.88,1.08,0.0,63.88,1.08,P 1,,,,,,,,,,,,,,,,,,,,,,,,,,,,,,
2025.0,Papua Selatan,Kab. Asmat,17651.69,0.0,0.0,2.92,0.02,2.92,0.02,0.0,2.92,0.02,P 1,,,,,,,,,,,,,,,,,,,,,,,,,,,,,,
2025.0,Papua Selatan,Kab. Boven Digoel,10511.56,3.65,0.03,1.87,0.02,5.52,0.05,3.65,1.87,0.05,P 1,,,,,,,,,,,,,,,,,,,,,,,,,,,,,,
2025.0,Papua Tengah,Kab. Mimika,58553.12,0.0,0.0,612.09,1.05,612.09,1.05,0.0,612.09,1.05,P 1,,2025.0,2.0,TPA IWAKA,TPA Pemda (Non Regional),A,32926.65,32926.65,0.0,0.0,0.0,0.0,IWAKA,,,Pemda DATI II,11.34,-,-,-,20000,Kombinasi timbangan dengan Komputer (excel / tidak otomatis),-,-,-,-,-,TIDAK ADA,-,-
2025.0,Riau,Kab. Siak,72380.96,9.09,0.01,6284.14,8.68,6293.22,8.69,7.3,440.49,0.62,P 1,,2025.0,2.0,TPA Tualang,TPA Pemda (Non Regional),A,19126.0,18531.05,0.0,576.7,18.25,0.0,Jl. Raya Perawang-Minas Km. 11 03/04,Kampung Perawang Barat,Tualang,Pemda DATI II,10,Open Dumping,2013,2043,30000,Kombinasi timbangan dengan Komputer (excel / tidak otomatis),Ada dan berfungsi dengan baik,Tiga atau Empat Bulan Sekali,3,"Ada, Instalasi Pengolahan Air Lindi (IPAL) di TPA hanya berupa kolam pengendapan saja tanpa proses biologi atau proses kimia, masih berfungsi baik dan terawat.",2,ADA,-,-
2025.0,Riau,Kab. Siak,72380.96,9.09,0.01,6284.14,8.68,6293.22,8.69,7.3,440.49,0.62,P 1,,2025.0,2.0,TPA Buantan Besar/Siak,TPA Pemda (Non Regional),A,6555.4,5971.4,379.6,204.4,0.0,0.0,Jl. Raya Siak-Bungaraya 001/002,Buantan Besar,Siak,Pemda DATI II,4,Open Dumping,2001,2030,30000,Kombinasi timbangan dengan Komputer (excel / tidak otomatis),Ada dan berfungsi dengan baik,Tiga atau Empat Bulan Sekali,3,"Ada, Instalasi Pengolahan Air Lindi (IPAL) di TPA hanya berupa kolam pengendapan saja tanpa proses biologi atau proses kimia, masih berfungsi baik dan terawat.",2,ADA,Untuk Bahan Bakar,-
2025.0,Riau,Kota Dumai,64834.22,2.72,0.0,17978.67,27.73,17981.39,27.73,0.0,17978.67,27.73,P 1,,2025.0,2.0,TPA Mekar Sari,TPA Pemda (Non Regional),A,44749.0,44128.5,0.0,0.0,620.5,0.0,Jalan Sentosa,Mekar Sari,Dumai Selatan,Pemda DATI II,12,Open Dumping,2012,-,14800,Manual Book,Ada tapi sedang rusak,Dua minggu sekali,2,"Ada, Instalasi Pengolahan Air Lindi (IPAL) di TPA tetapi sudah rusak atau tidak berfungsi dengan baik dan tidak terawat",1,ADA,-,-
2025.0,Riau,Kota Pekanbaru,383556.27,134.22,0.03,14458.0,3.77,14592.22,3.8,132.88,14458.0,3.8,P 1,,2025.0,2.0,TPA- 2 Muara Fajar,TPA Pemda (Non Regional),A,271946.9,257346.9,0.0,0.0,14600.0,0.0,Jl Lele Rt 4 / Rw 4,Muara Fajar Timur,Rumbai,Pemda DATI II,5,Open Dumping,2 januari 2019,-,25000,Otomatis Komputerisasi (Aplikasi Khusus TPA),Ada tapi sedang rusak,Dua minggu sekali,2,"Ada, Instalasi Pengolahan Air Lindi (IPAL) di TPA berupa kolam pengendapan dan proses biologi serta proses kimia, masih berfungsi baik dan terawat.",1,ADA,Tidak ada. Gas Metana dibakar.,-
2025.0,Sulawesi Barat,Kab. Majene,39716.75,3.12,0.01,230.44,0.58,233.56,0.59,0.0,230.44,0.58,P 1,,2025.0,2.0,TPA Moluku,TPA Pemda (Non Regional),A,9913.04,9586.0,0.0,24.09,302.95,0.0,Moloku,Totoli,Banggae,Pemda DATI II,3.35,Open Dumping,17 februari 2019,17 februari 2029,13216,Manual Book,Tidak Ada,Dua minggu sekali,1,"Ada, Instalasi Pengolahan Air Lindi (IPAL) di TPA tetapi sudah rusak atau tidak berfungsi dengan baik dan tidak terawat",-,ADA,Tidak ada. Gas Metana dibakar.,-
2025.0,Sulawesi Barat,Kab. Mamuju,52629.72,0.0,0.0,3397.06,6.45,3397.06,6.45,0.0,3397.06,6.45,P 1,,2025.0,2.0,TPA Adi Adi,TPA Pemda (Non Regional),A,9750.98,9696.96,0.0,0.0,54.02,0.0,Jl. Poros Mamuju Majene,,,Pemda DATI II,0,Open Dumping,-,-,8411.36,Kombinasi timbangan dengan Komputer (excel / tidak otomatis),Ada dan berfungsi dengan baik,Sebulan sekali,1,"Ada, Instalasi Pengolahan Air Lindi (IPAL) di TPA hanya berupa kolam pengendapan saja tanpa proses biologi atau proses kimia, masih berfungsi baik dan terawat.",2,ADA,Tidak ada. Gas Metana dibakar.,-
2025.0,Sulawesi Barat,Kab. Mamuju Tengah,52295.01,1.44,0.0,0.0,0.0,1.44,0.0,0.0,0.0,0.0,P 1,,2025.0,2.0,TPA TABOLANG,TPA Pemda (Non Regional),A,7300.0,7290.88,0.0,0.0,9.13,0.0,Desa Tabolang Kec. Topoyo Kab. Mamuju Tengah,,,Pemda DATI II,2,-,Tahu 2017,sampai saat ini,20000,Manual Book,Ada tapi sedang rusak,Tiga hari sekali atau seminggu dua kali,-,"Ada, Instalasi Pengolahan Air Lindi (IPAL) di TPA tetapi sudah rusak atau tidak berfungsi dengan baik dan tidak terawat",-,ADA,-,-
2025.0,Sulawesi Barat,Kab. Pasangkayu,21880.73,295.82,1.35,98.24,0.45,394.06,1.8,0.0,98.24,0.45,P 1,,2025.0,2.0,TPA GUNUNG SARI,TPA Pemda (Non Regional),A,5840.0,5715.9,0.0,0.0,124.1,0.0,Martajaya,Gunung sari,Pasangkayu,Pemda DATI II,0.98,Open Dumping,-,-,5856,Manual Book,Tidak Ada,Tidak ditutup sama sekali,1,"Ada, Instalasi Pengolahan Air Lindi (IPAL) di TPA hanya berupa kolam pengendapan saja tanpa proses biologi atau proses kimia, masih berfungsi baik dan terawat.",2,ADA,Tidak ada. Gas Metana dibakar.,-
2025.0,Sulawesi Selatan,Kab. Bantaeng,31720.98,24.01,0.08,19030.25,59.99,19054.27,60.07,18.43,8693.45,27.46,P 1,,,,,,,,,,,,,,,,,,,,,,,,,,,,,,
2025.0,Sulawesi Selatan,Kab. Barru,28616.15,0.0,0.0,15957.06,55.76,15957.06,55.76,0.0,3594.51,12.56,P 1,,2025.0,1.0,TPA Padangloang,TPA Pemda (Non Regional),A,12362.55,12305.97,0.0,0.0,56.58,0.0,Bottolai,Coppo,Barru,Pemda DATI II,5,Control Landfill,2012,2022,30000,Manual Book,Tidak Ada,Tujuh hari sekali atau Seminggu Sekali,2,"Ada, Instalasi Pengolahan Air Lindi (IPAL) di TPA berupa kolam pengendapan dan proses biologi, masih berfungsi baik dan terawat.",-,ADA,Untuk Bahan Bakar,18
2025.0,Sulawesi Selatan,Kab. Bone,150995.39,127.47,0.08,22122.61,14.65,22250.08,14.74,105.85,22122.61,14.72,P 1,,2025.0,2.0,TPA PASIPPO,TPA Regional,A,14505.1,14286.1,109.5,0.0,109.5,0.0,Pasippo,Palakka,Palakka,Pemda DATI I,5,Control Landfill,4/24/2008 12:00:00 AM,10,15000,Otomatis Komputerisasi (Aplikasi Khusus TPA),Ada dan berfungsi dengan baik,Tujuh hari sekali atau Seminggu Sekali,2,"Ada, Instalasi Pengolahan Air Lindi (IPAL) di TPA berupa kolam pengendapan dan proses biologi serta proses kimia, masih berfungsi baik dan terawat.",2,ADA,Untuk Bahan Bakar,-
2025.0,Sulawesi Selatan,Kab. Bulukumba,70178.11,1127.0,1.61,20806.29,29.65,21933.29,31.25,598.6,2556.29,4.5,P 1,,2025.0,2.0,TPA BORONG MANEMPA,TPA Pemda (Non Regional),A,19345.0,17034.48,676.83,822.75,810.94,0.0,POROS BORONG MANEMPA,POLEWALI,GANTARANG,Pemda DATI II,2.45,Control Landfill,2014,6,16000,Otomatis Komputerisasi (Aplikasi Khusus TPA),Ada dan berfungsi dengan baik,Tujuh hari sekali atau Seminggu Sekali,2,-,-,ADA,Untuk Bahan Bakar,1
2025.0,Sulawesi Selatan,Kab. Kepulauan Selayar,20918.15,0.0,0.0,35.91,0.17,35.91,0.17,0.0,35.91,0.17,P 1,,,,,,,,,,,,,,,,,,,,,,,,,,,,,,
2025.0,Sulawesi Selatan,Kab. Luwu,56262.71,0.05,0.0,6.0,0.01,6.05,0.01,0.0,6.0,0.01,P 1,,2025.0,2.0,TPA TALLANG BULAWANG,TPA Pemda (Non Regional),A,9636.0,9453.5,0.0,0.0,182.5,0.0,Lingkungan Pandoso,,,Pemda DATI II,3.5,Open Dumping,-,-,10000,Manual Book,Tidak Ada,Sebulan sekali,2,"Ada, Instalasi Pengolahan Air Lindi (IPAL) di TPA berupa kolam pengendapan dan proses biologi, masih berfungsi baik dan terawat.",1,ADA,-,-
2025.0,Sulawesi Selatan,Kab. Luwu Timur,47219.61,4.58,0.01,5602.23,11.86,5606.82,11.87,0.0,5602.23,11.86,P 1,,2025.0,2.0,TPA Inalahi,TPA Pemda (Non Regional),A,7300.0,6022.5,365.0,730.0,182.5,0.0,Sorowako,Sorowako,Nuha,Lainnya,2,Open Dumping,-,-,10000,Kombinasi timbangan dengan Komputer (excel / tidak otomatis),Ada dan berfungsi dengan baik,Dua minggu sekali,-,-,-,TIDAK ADA,-,-
2025.0,Sulawesi Selatan,Kab. Luwu Timur,47219.61,4.58,0.01,5602.23,11.86,5606.82,11.87,0.0,5602.23,11.86,P 1,,2025.0,2.0,TPA Ussu,TPA Pemda (Non Regional),A,15432.2,13972.2,730.0,0.0,730.0,0.0,Ussu,Ussu,Malili,Pemda DATI II,4,Open Dumping,-,10,10000,Kombinasi timbangan dengan Komputer (excel / tidak otomatis),Ada dan berfungsi dengan baik,Dua minggu sekali,1,"Ada, Instalasi Pengolahan Air Lindi (IPAL) di TPA berupa kolam pengendapan dan proses biologi, masih berfungsi baik dan terawat.",1,ADA,Tidak ada. Gas Metana dibakar.,-
2025.0,Sulawesi Selatan,Kab. Luwu Utara,61166.88,610.08,1.0,1124.2,1.84,1734.28,2.84,70.08,1124.2,1.95,P 1,,2025.0,2.0,TPA Meli,TPA Pemda (Non Regional),A,3274962.5,3265883.13,0.0,8942.5,136.88,0.0,Desa Meli,Meli,Baebunta,Pemda DATI II,0,Open Dumping,-,-,-,Manual Book,Tidak Ada,Tidak ditutup sama sekali,-,"Ada, Instalasi Pengolahan Air Lindi (IPAL) di TPA tetapi sudah rusak atau tidak berfungsi dengan baik dan tidak terawat",-,ADA,-,-
2025.0,Sulawesi Selatan,Kab. Maros,59126.79,53.75,0.09,33846.4,57.24,33900.15,57.33,29.2,996.4,1.73,P 1,,,,,,,,,,,,,,,,,,,,,,,,,,,,,,
2025.0,Sulawesi Selatan,Kab. Pinrang,69892.97,68.07,0.1,53338.98,76.32,53407.05,76.41,68.03,23533.08,33.77,P 1,,2025.0,2.0,TPA MALIMPUNG,TPA Pemda (Non Regional),A,30057.75,29400.75,109.5,365.0,182.5,0.0,Desa Malimpung,,,Pemda DATI II,6,Control Landfill,-,-,500,Manual Book,Ada dan berfungsi dengan baik,Tujuh hari sekali atau Seminggu Sekali,3,"Ada, Instalasi Pengolahan Air Lindi (IPAL) di TPA hanya berupa kolam pengendapan saja tanpa proses biologi atau proses kimia, masih berfungsi baik dan terawat.",-,ADA,Tidak ada. Gas Metana dibakar.,-
,Sulawesi Selatan,Kab. Sidenreng Rappang,,,,,,,,,,,,,2025.0,2.0,TPA PATOMMO,TPA Pemda (Non Regional),A,34904.95,34904.95,0.0,0.0,0.0,0.0,Jalan Raya Patommo,Arawa,Watang Pulu,Pemda DATI II,4.5,Control Landfill,6012017,15,11000,Otomatis Komputerisasi (Aplikasi Khusus TPA),Ada dan berfungsi dengan baik,Tiga hari sekali atau seminggu dua kali,4,"Ada, Instalasi Pengolahan Air Lindi (IPAL) di TPA berupa kolam pengendapan dan proses biologi, masih berfungsi baik dan terawat.",-,ADA,Tidak ada. Gas Metana dibakar.,-
2025.0,Sulawesi Selatan,Kab. Tana Toraja,47255.46,18826.97,39.84,685.47,1.45,19512.44,41.29,18784.4,685.47,41.2,P 1,,,,,,,,,,,,,,,,,,,,,,,,,,,,,,
2025.0,Sulawesi Selatan,Kota Makassar,388381.87,4544.83,1.17,1400.96,0.36,5945.79,1.53,4391.09,1400.96,1.49,P 1,,2025.0,2.0,TPA Tamangapa,TPA Pemda (Non Regional),A,257905.36,257904.56,0.8,0.0,0.0,0.0,Jalan AMD Borong Jambu 001/002,Tamangapa,Manggala,Pemda DATI II,16.8,Open Dumping,-,-,200,Kombinasi timbangan dengan Komputer (excel / tidak otomatis),Ada dan berfungsi dengan baik,Dua minggu sekali,3,"Ada, Instalasi Pengolahan Air Lindi (IPAL) di TPA berupa kolam pengendapan dan proses biologi serta proses kimia, masih berfungsi baik dan terawat.",-,ADA,-,-
2025.0,Sulawesi Tengah,Kab. Banggai Kepulauan,22524.15,504.85,2.24,3.65,0.02,508.5,2.26,0.0,3.65,0.02,P 1,,,,,,,,,,,,,,,,,,,,,,,,,,,,,,
2025.0,Sulawesi Tengah,Kab. Morowali,36314.95,0.0,0.0,3357.51,9.25,3357.51,9.25,0.0,67.37,0.19,P 1,,2025.0,2.0,TPA Bahoruru,TPA Pemda (Non Regional),A,6022.5,5965.2,39.06,18.25,0.0,0.0,Desa Bahoruru,-,Bungku Tengah,Pemda DATI II,4.8,Control Landfill,2 april 2019,2 april 2025,2701,Kombinasi timbangan dengan Komputer (excel / tidak otomatis),Ada dan berfungsi dengan baik,Tiga hari sekali atau seminggu dua kali,2,"Ada, Instalasi Pengolahan Air Lindi (IPAL) di TPA hanya berupa kolam pengendapan saja tanpa proses biologi atau proses kimia, masih berfungsi baik dan terawat.",3,ADA,Tidak ada. Gas Metana dibakar.,-
2025.0,Sulawesi Tengah,Kab. Parigi Moutong,84237.62,217.73,0.26,9959.01,11.82,10176.74,12.08,0.0,6674.01,7.92,P 1,,,,,,,,,,,,,,,,,,,,,,,,,,,,,,
,Sulawesi Tengah,Kab. Poso,,,,,,,,,,,,,2025.0,2.0,TPA POBA'I,TPA Pemda (Non Regional),A,13152.53,12882.35,0.0,0.0,270.17,0.0,Lingkar Kayamanya - Moengko,Kayamanya Sentral,Poso Kota,Pemda DATI II,14,Control Landfill,05 Februari 2018,15,10000,Kombinasi timbangan dengan Komputer (excel / tidak otomatis),Ada dan berfungsi dengan baik,Tiga hari sekali atau seminggu dua kali,2,"Ada, Instalasi Pengolahan Air Lindi (IPAL) di TPA berupa kolam pengendapan dan proses biologi, masih berfungsi baik dan terawat.",2,ADA,-,-
,Sulawesi Tengah,Kab. Sigi,,,,,,,,,,,,,2025.0,2.0,TPA Ngatabaru,TPA Pemda (Non Regional),A,8238.05,8238.05,0.0,0.0,0.0,0.0,Desa Ngatabaru,Ngatabaru,Sigi Biromaru,Pemda DATI II,28,Control Landfill,-,-,4800,Manual Book,Tidak Ada,Tiga hari sekali atau seminggu dua kali,2,-,-,ADA,Tidak ada. Gas Metana dibakar.,-
2025.0,Sulawesi Tengah,Kota Palu,79726.96,194.0,0.24,65069.17,81.62,65263.16,81.86,0.0,5066.09,6.35,P 1,,2025.0,2.0,TPA KAWATUNA,TPA Pemda (Non Regional),A,57670.0,50939.03,376.32,149.65,6205.0,0.0,Jl. Watunjomboko,,,Pemda DATI II,0,Sanitary Landfill,-,-,12594.56,Manual Book,Ada dan berfungsi dengan baik,Setiap hari,3,"Ada, Instalasi Pengolahan Air Lindi (IPAL) di TPA hanya berupa kolam pengendapan saja tanpa proses biologi atau proses kimia, masih berfungsi baik dan terawat.",255,ADA,Untuk Bahan Bakar,-
2025.0,Sulawesi Tenggara,Kab. Buton,22269.38,0.0,0.0,0.0,0.0,0.0,0.0,0.0,0.0,0.0,P 1,,2025.0,1.0,TPA GALANTI,TPA Pemda (Non Regional),A,7300.0,7227.0,0.0,0.0,73.0,0.0,dusun galanti,desa galanti,wolowa,Pemda DATI II,5,Open Dumping,-,-,80,Manual Book,Ada tapi sedang rusak,Sebulan sekali,-,"Ada, Instalasi Pengolahan Air Lindi (IPAL) di TPA hanya berupa kolam pengendapan saja tanpa proses biologi atau proses kimia, masih berfungsi baik dan terawat.",1,TIDAK ADA,Tidak ada. Gas Metana dibakar.,-
2025.0,Sulawesi Tenggara,Kab. Kolaka,46095.55,7.56,0.02,23459.46,50.89,23467.02,50.91,0.0,1924.46,4.17,P 1,,2025.0,2.0,TPA Patioso,TPA Pemda (Non Regional),A,21580.63,21106.13,0.0,0.0,474.5,0.0,Poros Kolaka-Wolo,Induha,Latambaga,Pemda DATI II,10,Control Landfill,Januari 2001,2025,13667,Manual Book,Ada dan berfungsi dengan baik,Tujuh hari sekali atau Seminggu Sekali,1,"Ada, Instalasi Pengolahan Air Lindi (IPAL) di TPA berupa kolam pengendapan dan proses biologi, masih berfungsi baik dan terawat.",2,ADA,Tidak ada. Gas Metana dibakar.,-
2025.0,Sulawesi Tenggara,Kab. Kolaka Timur,23688.5,0.0,0.0,2591.5,10.94,2591.5,10.94,0.0,1131.5,4.78,P 1,,2025.0,2.0,TPA LARA,TPA Pemda (Non Regional),A,1825.0,1825.0,0.0,0.0,0.0,0.0,DESA LARA,,,,0,Control Landfill,-,-,-,Manual Book,Tidak Ada,Tiga hari sekali atau seminggu dua kali,2,-,-,ADA,Tidak ada. Gas Metana dibakar.,-
2025.0,Sulawesi Tenggara,Kab. Konawe,48752.87,0.0,0.0,12230.57,25.09,12230.57,25.09,0.0,5897.82,12.1,P 1,,2025.0,2.0,TPA Mataiwoi,TPA Pemda (Non Regional),A,7847.5,7300.0,0.0,0.0,547.5,0.0,Mataiwoi,Mataiwoi,Tongauna,Pemda DATI II,5.4,Control Landfill,12 September 2011,-,5290,Manual Book,Ada tapi sedang rusak,Tiga hari sekali atau seminggu dua kali,3,"Ada, Instalasi Pengolahan Air Lindi (IPAL) di TPA hanya berupa kolam pengendapan saja tanpa proses biologi atau proses kimia, masih berfungsi baik dan terawat.",-,ADA,-,-
,Sulawesi Tenggara,Kab. Konawe Selatan,,,,,,,,,,,,,2025.0,2.0,TPA Andoolo,TPA Pemda (Non Regional),A,5110.0,5110.0,0.0,0.0,0.0,0.0,Kelurahan Potoro,,,Pemda DATI II,5,Control Landfill,2019,-,2,-,Tidak Ada,Tujuh hari sekali atau Seminggu Sekali,2,"Ada, Instalasi Pengolahan Air Lindi (IPAL) di TPA berupa kolam pengendapan dan proses biologi, masih berfungsi baik dan terawat.",-,ADA,Tidak ada. Gas Metana dibakar.,-
2025.0,Sulawesi Tenggara,Kab. Konawe Utara,12183.55,0.0,0.0,0.0,0.0,0.0,0.0,0.0,0.0,0.0,P 1,,2025.0,2.0,TPA ASERA,TPA Pemda (Non Regional),A,1950.37,1950.37,0.0,0.0,0.0,0.0,"Desa Tangguluri, Kecamatan Asera",,,,0,Open Dumping,-,-,-,Manual Book,Tidak Ada,Tidak ditutup sama sekali,1,"Ada, Instalasi Pengolahan Air Lindi (IPAL) di TPA hanya berupa kolam pengendapan saja tanpa proses biologi atau proses kimia, masih berfungsi baik dan terawat.",-,ADA,Tidak ada. Gas Metana dibakar.,-
,Sulawesi Tenggara,Kab. Wakatobi,,,,,,,,,,,,,2025.0,2.0,TPA PULAU KALEDUPA,TPA Pemda (Non Regional),A,2482.0,2482.0,0.0,0.0,0.0,0.0,JALAN POROS BURANGA - TAMPARA,,,,0,-,-,-,3426,Manual Book,Ada dan berfungsi dengan baik,Tidak ditutup sama sekali,-,"Ada, Instalasi Pengolahan Air Lindi (IPAL) di TPA hanya berupa kolam pengendapan saja tanpa proses biologi atau proses kimia, masih berfungsi baik dan terawat.",-,ADA,-,-
,Sulawesi Tenggara,Kab. Wakatobi,,,,,,,,,,,,,2025.0,2.0,TPA WAMBEAMALE,TPA Pemda (Non Regional),A,7931.45,6945.95,182.5,730.0,73.0,0.0,DESA KOMALA,,,Pemda DATI II,5.7,Open Dumping,-,-,5700,Manual Book,Tidak Ada,Sebulan sekali,1,"Ada, Instalasi Pengolahan Air Lindi (IPAL) di TPA tetapi sudah rusak atau tidak berfungsi dengan baik dan tidak terawat",-,ADA,Tidak ada. Gas Metana dibakar.,-
2025.0,Sulawesi Tenggara,Kota Kendari,95015.45,0.0,0.0,91236.9,96.02,91236.9,96.02,0.0,45246.9,47.62,P 1,,2025.0,2.0,TPA Puuwatu,TPA Pemda (Non Regional),A,45990.0,45990.0,0.0,0.0,0.0,0.0,Kec. Puuwatu,,,Pemda DATI II,36.5,Open Dumping,2002,2030,50000,Kombinasi timbangan dengan Komputer (excel / tidak otomatis),Ada tapi sedang rusak,Sebulan sekali,1,"Ada, Instalasi Pengolahan Air Lindi (IPAL) di TPA hanya berupa kolam pengendapan saja tanpa proses biologi atau proses kimia, masih berfungsi baik dan terawat.",-,ADA,Tidak ada. Melepas gas Metana ke udara.,-
2025.0,Sulawesi Utara,Kab. Bolaang Mongondow,46971.49,0.0,0.0,0.1,0.0,0.1,0.0,0.0,0.1,0.0,P 1,,2025.0,1.0,TPA Inuai,TPA Pemda (Non Regional),A,2920.0,2920.0,0.0,0.0,0.0,0.0,Desa Inuai Kecamatan Passi Barat Kab. Bolaang Mongondow,,,Pemda DATI II,-,-,Maret 2019,-,900,Manual Book,Ada tapi sedang rusak,Dua minggu sekali,-,"Ada, Instalasi Pengolahan Air Lindi (IPAL) di TPA hanya berupa kolam pengendapan saja tanpa proses biologi atau proses kimia, masih berfungsi baik dan terawat.",1,ADA,Tidak ada. Gas Metana dibakar.,-
2025.0,Sulawesi Utara,Kab. Bolaang Mongondow Selatan,11162.43,33.58,0.3,5138.68,46.04,5172.26,46.34,33.58,641.88,6.05,P 1,,2025.0,2.0,TPA PINOLANTUNGAN,TPA Pemda (Non Regional),A,4599.0,4599.0,0.0,0.0,0.0,0.0,Desa Pinolantugan,Pinolantugan,Bolaang uki,Pemda DATI II,389,Control Landfill,-,-,500,Manual Book,Tidak Ada,Tiga hari sekali atau seminggu dua kali,-,"Ada, Instalasi Pengolahan Air Lindi (IPAL) di TPA tetapi sudah rusak atau tidak berfungsi dengan baik dan tidak terawat",1,ADA,Tidak ada. Gas Metana dibakar.,-
2025.0,Sulawesi Utara,Kab. Bolaang Mongondow Timur,13336.22,0.0,0.0,0.0,0.0,0.0,0.0,0.0,0.0,0.0,P 1,,,,,,,,,,,,,,,,,,,,,,,,,,,,,,
2025.0,Sulawesi Utara,Kab. Bolaang Mongondow Utara,12848.29,1.34,0.01,6591.9,51.31,6593.24,51.32,0.0,21.9,0.17,P 1,,2025.0,2.0,TPA Bolaang Mongondow Utara,TPA Pemda (Non Regional),A,7300.0,7300.0,0.0,0.0,0.0,0.0,"Komus Dua Tim., Kaidipang, Kabupaten Bolaang Mongondow Utara, Sulawesi Utara",komus Dua Timur,Kaidipang,Pemda DATI II,7.7,Open Dumping,-,-,4505,Kombinasi timbangan dengan Komputer (excel / tidak otomatis),Tidak Ada,Dua minggu sekali,1,"Ada, Instalasi Pengolahan Air Lindi (IPAL) di TPA hanya berupa kolam pengendapan saja tanpa proses biologi atau proses kimia, masih berfungsi baik dan terawat.",2,ADA,Tidak ada. Gas Metana dibakar.,-
2025.0,Sulawesi Utara,Kab. Kep. Siau Tagulandang Biaro,10297.09,2.62,0.03,128.95,1.25,131.57,1.28,0.0,128.95,1.25,P 1,,2025.0,2.0,TPA TANAKI,TPA Pemda (Non Regional),A,3358.0,3175.5,73.0,73.0,36.5,0.0,KAMPUNG TANAKI,TANAKI,SIAU TIMUR SELATAN,Pemda DATI II,0,-,-,-,5720,Manual Book,Tidak Ada,Sebulan sekali,-,"Ada, Instalasi Pengolahan Air Lindi (IPAL) di TPA berupa kolam pengendapan dan proses biologi, masih berfungsi baik dan terawat.",-,TIDAK ADA,Tidak ada. Gas Metana dibakar.,-
2025.0,Sulawesi Utara,Kab. Kepulauan Sangihe,20529.64,20.59,0.1,10286.55,50.11,10307.14,50.21,0.0,66.55,0.32,P 1,,2025.0,2.0,TPA SANTIAGO,TPA Pemda (Non Regional),A,10220.0,9044.7,321.2,259.15,594.95,0.0,KELURAHAN SANTIAGO,SANTIAGO,TAHUNA,Pemda DATI II,62,Control Landfill,2014,-,22898,Manual Book,Tidak Ada,Sebulan sekali,2,"Ada, Instalasi Pengolahan Air Lindi (IPAL) di TPA berupa kolam pengendapan dan proses biologi, masih berfungsi baik dan terawat.",255,ADA,Tidak ada. Gas Metana dibakar.,-
2025.0,Sulawesi Utara,Kab. Kepulauan Talaud,14654.9,0.01,0.0,0.0,0.0,0.01,0.0,0.0,0.0,0.0,P 1,,2025.0,1.0,TPA Sampah Melonguane,TPA Pemda (Non Regional),A,1810.4,1810.4,0.0,0.0,0.0,0.0,"Bowombiala, Kel. Melonguane Barat, Kec. Melonguane, Kab. Kepl. Talaud - SULUT",Melonguane Barat,Melonguane,Pemda DATI II,3.9,-,15/01/2017 12:00:00 AM,-,6000,Manual Book,Tidak Ada,-,-,"Ada, Instalasi Pengolahan Air Lindi (IPAL) di TPA tetapi sudah rusak atau tidak berfungsi dengan baik dan tidak terawat",-,ADA,Tidak ada. Gas Metana dibakar.,-
2025.0,Sulawesi Utara,Kab. Minahasa,64432.36,489.1,0.76,16277.65,25.26,16766.75,26.02,489.1,16277.65,26.02,P 1,,,,,,,,,,,,,,,,,,,,,,,,,,,,,,
2025.0,Sulawesi Utara,Kab. Minahasa Selatan,35228.34,84.22,0.24,0.0,0.0,84.22,0.24,0.0,0.0,0.0,P 1,,2025.0,2.0,TPA Mobongo,TPA Pemda (Non Regional),A,8395.0,8395.0,0.0,0.0,0.0,0.0,Jln. Trans Sulawesi,Kawangkoan Bawah,Amurang Barat,Pemda DATI II,0,Open Dumping,-,-,5500,Manual Book,Ada tapi sedang rusak,Tidak ditutup sama sekali,1,"Ada, Instalasi Pengolahan Air Lindi (IPAL) di TPA tetapi sudah rusak atau tidak berfungsi dengan baik dan tidak terawat",-,ADA,Tidak ada. Gas Metana dibakar.,-
2025.0,Sulawesi Utara,Kab. Minahasa Tenggara,17714.62,0.0,0.0,4745.91,26.79,4745.91,26.79,0.0,25.47,0.14,P 1,,2025.0,2.0,TPA MINAHASA TENGGARA,TPA Pemda (Non Regional),A,10767.5,10658.0,25.55,29.2,54.75,0.0,PERKEBUNAN PATEWAN,WAWALI PASAN,RATAHAN,Pemda DATI II,5,Control Landfill,10 MEI 2016,2030,6847,Manual Book,Tidak Ada,Tujuh hari sekali atau Seminggu Sekali,2,Tidak ada Instalasi Pengolahan Air Lindi (IPAL) di TPA,-,ADA,Tidak ada. Gas Metana dibakar.,-
2025.0,Sulawesi Utara,Kab. Minahasa Utara,44024.29,0.0,0.0,47.88,0.11,47.88,0.11,0.0,47.88,0.11,P 1,,,,,,,,,,,,,,,,,,,,,,,,,,,,,,
2025.0,Sulawesi Utara,Kota Bitung,47309.69,97.57,0.21,19.19,0.04,116.75,0.25,9.13,19.19,0.06,P 1,,,,,,,,,,,,,,,,,,,,,,,,,,,,,,
2025.0,Sulawesi Utara,Kota Kotamobagu,31626.81,8.28,0.03,2112.47,6.68,2120.75,6.71,5.93,2112.47,6.7,P 1,,2025.0,2.0,TPA Bonawang,TPA Pemda (Non Regional),A,19947.25,19293.9,270.1,0.0,383.25,0.0,Raya AKD,Poyowa Kecil,Kotamobagu Selatan,Pemda DATI II,2.8,Open Dumping,11 Januari 2016,2021,10000,Kombinasi timbangan dengan Komputer (excel / tidak otomatis),Ada dan berfungsi dengan baik,Sebulan sekali,2,"Ada, Instalasi Pengolahan Air Lindi (IPAL) di TPA hanya berupa kolam pengendapan saja tanpa proses biologi atau proses kimia, masih berfungsi baik dan terawat.",1,ADA,Tidak ada. Melepas gas Metana ke udara.,-
2025.0,Sulawesi Utara,Kota Manado,108059.84,3077.0,2.85,9654.39,8.93,12731.38,11.78,3046.8,9654.39,11.75,P 1,,2025.0,2.0,TPA SUMOMPO,TPA Pemda (Non Regional),A,87600.0,77314.3,284.7,1168.0,8833.0,0.0,"Buha, Mapanget, Manado City, North Sulawesi",BUHA,TUMINTING,Pemda DATI II,13.7,Open Dumping,1972,-,1.7,Manual Book,Tidak Ada,Dua minggu sekali,1,"Ada, Instalasi Pengolahan Air Lindi (IPAL) di TPA berupa kolam pengendapan dan proses biologi, masih berfungsi baik dan terawat.",1,ADA,Tidak ada. Melepas gas Metana ke udara.,-
2025.0,Sulawesi Utara,Kota Tomohon,19031.1,0.0,0.0,490.66,2.58,490.66,2.58,0.0,490.66,2.58,P 1,,,,,,,,,,,,,,,,,,,,,,,,,,,,,,
2025.0,Sumatera Barat,Kab. Agam,81747.84,51.31,0.06,41748.73,51.07,41800.03,51.13,47.88,12998.01,15.96,P 1,,2025.0,2.0,TPA Sampah Regional Payakumbuh,TPA Regional,A,1071.64,1071.64,0.0,0.0,0.0,0.0,Kapalo Koto Ampangan,Kapalo Koto Ampangan,Payakumbuh Selatan,Lainnya,13.79,Control Landfill,2 Agustus 2013,2019,26700,Kombinasi timbangan dengan Komputer (excel / tidak otomatis),Ada dan berfungsi dengan baik,Tiga hari sekali atau seminggu dua kali,1,"Ada, Instalasi Pengolahan Air Lindi (IPAL) di TPA berupa kolam pengendapan dan proses biologi, masih berfungsi baik dan terawat.",8,ADA,Tidak ada. Gas Metana dibakar.,-
2025.0,Sumatera Barat,Kab. Agam,81747.84,51.31,0.06,41748.73,51.07,41800.03,51.13,47.88,12998.01,15.96,P 1,,2025.0,2.0,TPST Sei. Jariang,TPA Pemda (Non Regional),A,32699.13,32564.08,36.5,73.0,25.55,0.0,Sei. Jariang,Cumateh,Lubuk Basung,Pemda DATI II,5.5,Control Landfill,desember 2015,Desember 2032,100,Otomatis Komputerisasi (Aplikasi Khusus TPA),Tidak Ada,Tiga hari sekali atau seminggu dua kali,1,"Ada, Instalasi Pengolahan Air Lindi (IPAL) di TPA hanya berupa kolam pengendapan saja tanpa proses biologi atau proses kimia, masih berfungsi baik dan terawat.",4,ADA,Tidak ada. Gas Metana dibakar.,-
2025.0,Sumatera Barat,Kab. Dharmasraya,44535.84,16051.24,36.04,13509.5,30.33,29560.74,66.38,16051.24,13509.5,66.38,P 1,,2025.0,1.0,TPA Rabusa,TPA Pemda (Non Regional),A,8030.0,7592.0,365.0,0.0,73.0,0.0,Nagari Gunung Medan Kecamatan Sitiung,Gunung Medan,Sitiung,Pemda DATI II,6,Open Dumping,29 Maret 2014,-,20000,Manual Book,Ada tapi sedang rusak,Tidak ditutup sama sekali,2,"Ada, Instalasi Pengolahan Air Lindi (IPAL) di TPA tetapi sudah rusak atau tidak berfungsi dengan baik dan tidak terawat",2,ADA,Tidak ada. Gas Metana dibakar.,-
2025.0,Sumatera Barat,Kab. Padang Pariaman,8379.85,166.0,1.98,430.0,5.13,596.0,7.11,0.0,430.0,5.13,P 1,,2025.0,2.0,TPA Ladang Laweh,TPA Pemda (Non Regional),A,5781.6,5781.6,0.0,0.0,0.0,0.0,Ladang Laweh Sicincin Kec. 2x11 Enam Lingkung,,,,0,Open Dumping,-,-,3,-,Tidak Ada,Tiga atau Empat Bulan Sekali,-,-,-,TIDAK ADA,-,-
2025.0,Sumatera Barat,Kab. Pesisir Selatan,58449.57,2.63,0.0,22281.13,38.12,22283.76,38.12,2.37,8345.43,14.28,P 1,,2025.0,2.0,TPA Gunung Bungkuak,TPA Pemda (Non Regional),A,13935.7,13893.12,42.58,0.0,0.0,0.0,Bukit Panyabuangan,Gunung Bungkuak Lumpo,IV Jurai,Pemda DATI II,3.6,Control Landfill,-,-,12000,Manual Book,Ada dan berfungsi dengan baik,Sebulan sekali,2,"Ada, Instalasi Pengolahan Air Lindi (IPAL) di TPA berupa kolam pengendapan dan proses biologi, masih berfungsi baik dan terawat.",255,ADA,Tidak ada. Gas Metana dibakar.,-
2025.0,Sumatera Barat,Kab. Solok,59922.78,89.25,0.15,16120.52,26.9,16209.77,27.05,73.0,7543.02,12.71,P 1,,2025.0,2.0,TPA Regional Solok,TPA Regional,A,7665.0,7555.5,0.0,0.0,109.5,0.0,Ampang Kualo Kota Solok,,,Pemda DATI I,6.24,Control Landfill,23 oktober 2014,31 desember 2025,21016,Kombinasi timbangan dengan Komputer (excel / tidak otomatis),Ada dan berfungsi dengan baik,Tiga hari sekali atau seminggu dua kali,1,"Ada, Instalasi Pengolahan Air Lindi (IPAL) di TPA berupa kolam pengendapan dan proses biologi, masih berfungsi baik dan terawat.",12,ADA,Tidak ada. Gas Metana dibakar.,-
2025.0,Sumatera Barat,Kab. Solok Selatan,24687.56,49.16,0.2,7252.0,29.38,7301.16,29.57,0.0,7252.0,29.38,P 1,,2025.0,2.0,TPA Jujutan,TPA Pemda (Non Regional),A,5361.85,5361.85,0.0,0.0,0.0,0.0,"Jorong jujutan, Nagari Lubuk Gadang Kecamatan Sangir",,,Pemda DATI II,5.4,Control Landfill,-,-,4375,Manual Book,Tidak Ada,Tujuh hari sekali atau Seminggu Sekali,1,"Ada, Instalasi Pengolahan Air Lindi (IPAL) di TPA berupa kolam pengendapan dan proses biologi, masih berfungsi baik dan terawat.",2,ADA,Tidak ada. Gas Metana dibakar.,-
,Sumatera Barat,Kab. Tanah Datar,,,,,,,,,,,,,2025.0,2.0,TPA Bukik Sangkiang,TPA Pemda (Non Regional),A,17907.6,17781.68,85.78,0.0,40.15,0.0,Jorong Piliang,Limo Kaum,Lima Kaum,Pemda DATI II,3,Control Landfill,2006,2030,40589,Manual Book,Tidak Ada,Tujuh hari sekali atau Seminggu Sekali,2,"Ada, Instalasi Pengolahan Air Lindi (IPAL) di TPA hanya berupa kolam pengendapan saja tanpa proses biologi atau proses kimia, masih berfungsi baik dan terawat.",1,ADA,Tidak ada. Gas Metana dibakar.,-
2025.0,Sumatera Barat,Kota Bukittinggi,49170.54,66.08,0.13,41902.38,85.22,41968.47,85.35,41.98,6004.63,12.3,P 1,,,,,,,,,,,,,,,,,,,,,,,,,,,,,,
2025.0,Sumatera Barat,Kota Padang,244179.26,3398.14,1.39,237015.13,97.07,240413.28,98.46,3245.4,58165.13,25.15,P 1,,,,,,,,,,,,,,,,,,,,,,,,,,,,,,
2025.0,Sumatera Barat,Kota Padang Panjang,18657.34,65.66,0.35,17961.23,96.27,18026.89,96.62,59.62,2083.73,11.49,P 1,,,,,,,,,,,,,,,,,,,,,,,,,,,,,,
2025.0,Sumatera Barat,Kota Pariaman,15159.91,0.0,0.0,1750.71,11.55,1750.71,11.55,0.0,1750.71,11.55,P 1,,2025.0,2.0,TPAS Tungkal Selatan,TPA Pemda (Non Regional),A,8541.0,8176.0,0.0,0.0,365.0,0.0,"Desa Tungkal Selatan, Kecamatan Pariaman Utara, Kota Pariaman",,,Pemda DATI II,14,Open Dumping,-,-,15000,Manual Book,Tidak Ada,Dua minggu sekali,-,Tidak ada Instalasi Pengolahan Air Lindi (IPAL) di TPA,-,TIDAK ADA,Tidak ada. Gas Metana dibakar.,-
2025.0,Sumatera Barat,Kota Payakumbuh,35368.52,5.6,0.02,4952.5,14.0,4958.11,14.02,0.0,4952.5,14.0,P 1,,2025.0,2.0,TPST Kota Payakumbuh,TPA Pemda (Non Regional),A,27177.9,23710.4,1022.0,803.0,1642.5,0.0,Kelurahan Padang Karambia,,,Pemda DATI II,2.9,-,-,-,-,Manual Book,Tidak Ada,-,-,-,-,TIDAK ADA,-,-
2025.0,Sumatera Barat,Kota Sawahlunto,7024.21,129.04,1.84,6404.47,91.18,6533.51,93.01,128.12,1283.16,20.09,P 1,,2025.0,2.0,TPA Sampah Kayu Gadang,TPA Pemda (Non Regional),A,5110.0,5103.03,0.0,0.0,6.97,0.0,Kayu Gadang Dusun Kayu Gadang,Desa Santur,Barangin,Pemda DATI II,25,Control Landfill,-,2035,50000,Manual Book,Tidak Ada,Tiga hari sekali atau seminggu dua kali,2,"Ada, Instalasi Pengolahan Air Lindi (IPAL) di TPA berupa kolam pengendapan dan proses biologi serta proses kimia, masih berfungsi baik dan terawat.",2,ADA,Tidak ada. Gas Metana dibakar.,-
2025.0,Sumatera Barat,Kota Solok,21858.79,67.6,0.31,21401.23,97.91,21468.83,98.22,18.25,4296.64,19.74,P 1,,2025.0,1.0,TPA Sampah Regional Solok,TPA Regional,A,17104.59,17104.59,0.0,0.0,0.0,0.0,Ampang Kualo,Kampung Jawa,Tanjung Harapan,Pemda DATI I,6.24,Control Landfill,23 Oktober 2014,-,21016,Kombinasi timbangan dengan Komputer (excel / tidak otomatis),Ada dan berfungsi dengan baik,Tujuh hari sekali atau Seminggu Sekali,2,"Ada, Instalasi Pengolahan Air Lindi (IPAL) di TPA berupa kolam pengendapan dan proses biologi, masih berfungsi baik dan terawat.",12,ADA,Tidak ada. Gas Metana dibakar.,-
2025.0,Sumatera Selatan,Kab. Muara Enim,95444.73,0.07,0.0,48868.9,51.2,48868.97,51.2,0.0,17296.4,18.12,P 1,,,,,,,,,,,,,,,,,,,,,,,,,,,,,,
2025.0,Sumatera Selatan,Kab. Musi Banyuasin,105199.57,1952.38,1.86,33604.18,31.94,35556.56,33.8,4.75,20464.18,19.46,P 1,,2025.0,2.0,TPA Keluang,TPA Pemda (Non Regional),A,930.75,711.75,0.0,73.0,146.0,0.0,Kelurahan Keluang,Keluang,Keluang,Lainnya,1,Open Dumping,2017,-,-,Manual Book,Tidak Ada,Setahun Sekali,-,Tidak ada Instalasi Pengolahan Air Lindi (IPAL) di TPA,-,TIDAK ADA,Tidak ada. Gas Metana dibakar.,-
2025.0,Sumatera Selatan,Kab. Musi Banyuasin,105199.57,1952.38,1.86,33604.18,31.94,35556.56,33.8,4.75,20464.18,19.46,P 1,,2025.0,2.0,TPST Muara Teladan,TPA Pemda (Non Regional),A,1095.0,657.0,182.5,146.0,109.5,0.0,Jalan Sekayu Muara Teladan,Balai Agung,Sekayu,Pemda DATI II,1,Control Landfill,2019,-,1000,Manual Book,Tidak Ada,Tiga atau Empat Bulan Sekali,-,"Ada, Instalasi Pengolahan Air Lindi (IPAL) di TPA hanya berupa kolam pengendapan saja tanpa proses biologi atau proses kimia, masih berfungsi baik dan terawat.",-,ADA,-,-
2025.0,Sumatera Selatan,Kab. Musi Banyuasin,105199.57,1952.38,1.86,33604.18,31.94,35556.56,33.8,4.75,20464.18,19.46,P 1,,2025.0,2.0,TPA Mangun jaya,TPA Pemda (Non Regional),A,1496.5,1189.9,0.0,146.0,160.6,0.0,Mangun Jaya,Mangun Jaya,BABAT TOMAN,Lainnya,1,Open Dumping,2018,-,-,Manual Book,Tidak Ada,Tidak ditutup sama sekali,-,Tidak ada Instalasi Pengolahan Air Lindi (IPAL) di TPA,-,TIDAK ADA,Tidak ada. Gas Metana dibakar.,-
2025.0,Sumatera Selatan,Kab. Musi Banyuasin,105199.57,1952.38,1.86,33604.18,31.94,35556.56,33.8,4.75,20464.18,19.46,P 1,,2025.0,2.0,TPA Kec Babat,TPA Pemda (Non Regional),A,1113.25,879.65,0.0,0.0,233.6,0.0,Pinggap - Kasmaran,Kasmaran,Babat Toman,Lainnya,1,Open Dumping,2017,-,-,Manual Book,Tidak Ada,Tidak ditutup sama sekali,-,Tidak ada Instalasi Pengolahan Air Lindi (IPAL) di TPA,-,TIDAK ADA,Tidak ada. Gas Metana dibakar.,-
2025.0,Sumatera Selatan,Kab. Musi Banyuasin,105199.57,1952.38,1.86,33604.18,31.94,35556.56,33.8,4.75,20464.18,19.46,P 1,,2025.0,2.0,TPA Sanga desa,TPA Pemda (Non Regional),A,602.25,470.85,0.0,0.0,131.4,0.0,Jl. Ngulak III,Ngulak III,Sanga desa,Pemda DATI II,1,Open Dumping,2018,-,-,Manual Book,Tidak Ada,Tidak ditutup sama sekali,-,Tidak ada Instalasi Pengolahan Air Lindi (IPAL) di TPA,-,TIDAK ADA,Tidak ada. Gas Metana dibakar.,-
2025.0,Sumatera Selatan,Kab. Musi Banyuasin,105199.57,1952.38,1.86,33604.18,31.94,35556.56,33.8,4.75,20464.18,19.46,P 1,,2025.0,2.0,TPA LAIS,TPA Pemda (Non Regional),A,894.25,704.45,73.0,73.0,43.8,0.0,Philip 5,Lais Utara,Lais,Lainnya,1,Open Dumping,2018,-,-,Manual Book,Tidak Ada,Tidak ditutup sama sekali,-,Tidak ada Instalasi Pengolahan Air Lindi (IPAL) di TPA,-,TIDAK ADA,-,-
2025.0,Sumatera Selatan,Kab. Musi Banyuasin,105199.57,1952.38,1.86,33604.18,31.94,35556.56,33.8,4.75,20464.18,19.46,P 1,,2025.0,2.0,TPA Bayung Lencir,TPA Pemda (Non Regional),A,2281.25,1806.75,0.0,109.5,365.0,0.0,Bayung Lencir,Bayung Lencir,Bayung Lencir,Lainnya,0.65,Open Dumping,-,-,-,Manual Book,Tidak Ada,Tiga atau Empat Bulan Sekali,-,Tidak ada Instalasi Pengolahan Air Lindi (IPAL) di TPA,-,TIDAK ADA,Tidak ada. Gas Metana dibakar.,-
2025.0,Sumatera Selatan,Kab. Musi Banyuasin,105199.57,1952.38,1.86,33604.18,31.94,35556.56,33.8,4.75,20464.18,19.46,P 1,,2025.0,2.0,TPA Open Dumping Sungai Lilin,TPA Pemda (Non Regional),A,2226.5,1861.5,0.0,0.0,365.0,0.0,Kelurahan Sungai Lilin,Sungai lilin Jaya,Sungai lilin,Lainnya,3,Open Dumping,2018,-,2500,Manual Book,Tidak Ada,Tidak ditutup sama sekali,-,Tidak ada Instalasi Pengolahan Air Lindi (IPAL) di TPA,-,TIDAK ADA,Tidak ada. Gas Metana dibakar.,-
2025.0,Sumatera Selatan,Kab. Musi Banyuasin,105199.57,1952.38,1.86,33604.18,31.94,35556.56,33.8,4.75,20464.18,19.46,P 1,,2025.0,2.0,TPA Sungai Medak,TPA Pemda (Non Regional),A,12081.5,10256.5,730.0,730.0,365.0,0.0,Jl. Sekayu,Sungai Medak,Sekayu,Pemda DATI II,8,Control Landfill,-,-,10000,Kombinasi timbangan dengan Komputer (excel / tidak otomatis),Ada dan berfungsi dengan baik,Tiga hari sekali atau seminggu dua kali,5,"Ada, Instalasi Pengolahan Air Lindi (IPAL) di TPA hanya berupa kolam pengendapan saja tanpa proses biologi atau proses kimia, masih berfungsi baik dan terawat.",255,ADA,Untuk Bahan Bakar,-
,Sumatera Selatan,Kab. Musi Rawas,,,,,,,,,,,,,2025.0,2.0,TPA Simpang Gegas,TPA Pemda (Non Regional),A,13870.0,13851.75,0.0,0.0,18.25,0.0,Jl. Simpang Gegas Temuan,Simpang Gegas Temuan,Tiang Pumpung Kepungut,Pemda DATI II,5,Open Dumping,2014,-,6400,Manual Book,Ada tapi sedang rusak,Tidak ditutup sama sekali,2,"Ada, Instalasi Pengolahan Air Lindi (IPAL) di TPA hanya berupa kolam pengendapan saja tanpa proses biologi atau proses kimia, masih berfungsi baik dan terawat.",-,ADA,Tidak ada. Gas Metana dibakar.,-
2025.0,Sumatera Selatan,Kab. Ogan Komering Ulu,56947.01,10.49,0.02,9311.89,16.35,9322.38,16.37,0.0,9311.89,16.35,P 1,,2025.0,2.0,TPA Simpang Kandis,TPA Pemda (Non Regional),A,20805.0,18797.5,365.0,0.0,1642.5,0.0,Jl. Baturaja-Prabumulih,Gunung Meraksa,Lubuk Batang,Pemda DATI II,33.4,Open Dumping,2011,-,500,Kombinasi timbangan dengan Komputer (excel / tidak otomatis),Tidak Ada,Tidak ditutup sama sekali,5,"Ada, Instalasi Pengolahan Air Lindi (IPAL) di TPA tetapi sudah rusak atau tidak berfungsi dengan baik dan tidak terawat",-,ADA,-,-
2025.0,Sumatera Selatan,Kab. Ogan Komering Ulu Selatan,59412.95,0.0,0.0,0.0,0.0,0.0,0.0,0.0,0.0,0.0,P 1,,2025.0,2.0,TPA Pelawi,TPA Pemda (Non Regional),A,33083.6,33006.95,0.0,0.0,76.65,0.0,Talang Karya Desa Pelawi,,,Pemda DATI II,32,Control Landfill,Desember 2016,Desember 2046,2500,Manual Book,Ada tapi sedang rusak,Tujuh hari sekali atau Seminggu Sekali,1,"Ada, Instalasi Pengolahan Air Lindi (IPAL) di TPA berupa kolam pengendapan dan proses biologi, masih berfungsi baik dan terawat.",1,ADA,Tidak ada. Gas Metana dibakar.,-
,Sumatera Selatan,Kab. Ogan Komering Ulu Timur,,,,,,,,,,,,,2025.0,2.0,TPA BELITANG,TPA Pemda (Non Regional),A,28429.85,27725.4,87.6,284.7,332.15,0.0,DESA GUMUK REJO,DESA GUMUK REJO,BUAY MADANG TIMUR,Pemda DATI II,3.8,Control Landfill,4 JANUARI 2019,-,393.75,Manual Book,Ada dan berfungsi dengan baik,Tujuh hari sekali atau Seminggu Sekali,2,"Ada, Instalasi Pengolahan Air Lindi (IPAL) di TPA berupa kolam pengendapan dan proses biologi, masih berfungsi baik dan terawat.",4,ADA,-,-
,Sumatera Selatan,Kab. Ogan Komering Ulu Timur,,,,,,,,,,,,,2025.0,2.0,TPA MARTAPURA,TPA Pemda (Non Regional),A,19345.0,18706.25,310.25,0.0,328.5,0.0,DESA PULAU NEGARA KECAMATAN BUAY PEMUKA PELIUNG,DESA PULAU NEGARA,BUAY PEMUKA PELIUNG,Pemda DATI II,1.1,Control Landfill,5 OKTOBER 2007,-,225,Manual Book,Ada dan berfungsi dengan baik,Tujuh hari sekali atau Seminggu Sekali,3,"Ada, Instalasi Pengolahan Air Lindi (IPAL) di TPA hanya berupa kolam pengendapan saja tanpa proses biologi atau proses kimia, masih berfungsi baik dan terawat.",4,TIDAK ADA,-,-
,Sumatera Selatan,Kab. Penukal Abab Lematang Ilir,,,,,,,,,,,,,2025.0,2.0,TPA,TPA Pemda (Non Regional),A,14600.0,14508.75,0.0,0.0,91.25,0.0,HANDAYANI MULYA,,,Pemda DATI II,8.4,Open Dumping,01-09-2017,01-09-2027,40000,-,Tidak Ada,Tidak ditutup sama sekali,-,Tidak ada Instalasi Pengolahan Air Lindi (IPAL) di TPA,-,TIDAK ADA,-,-
2025.0,Sumatera Selatan,Kota Pagar Alam,28515.63,0.0,0.0,109.5,0.38,109.5,0.38,0.0,109.5,0.38,P 1,,2025.0,2.0,TPST Padang Karet,TPA Pemda (Non Regional),A,17421.45,17301.0,0.0,0.0,120.45,0.0,"Jalan Padang Karet, Kelurahan Ulu Rurah, Kecamatan Pagar Alam Selatan",,,Pemda DATI II,10,Control Landfill,2012,2024,21384,Manual Book,Tidak Ada,Tujuh hari sekali atau Seminggu Sekali,3,"Ada, Instalasi Pengolahan Air Lindi (IPAL) di TPA hanya berupa kolam pengendapan saja tanpa proses biologi atau proses kimia, masih berfungsi baik dan terawat.",-,ADA,-,-
2025.0,Sumatera Selatan,Kota Prabumulih,37577.66,13.75,0.04,7641.18,20.33,7654.94,20.37,0.0,7641.18,20.33,P 1,,2025.0,2.0,TPA Kota Prabumulih,TPA Pemda (Non Regional),A,23542.5,23469.5,0.0,0.0,73.0,0.0,Prabujaya,Prabujaya,Prabumulih Timur,Pemda DATI II,8.5,Open Dumping,2 Januari 1999,2025,15000,Otomatis Komputerisasi (Aplikasi Khusus TPA),Ada dan berfungsi dengan baik,Tidak ditutup sama sekali,2,"Ada, Instalasi Pengolahan Air Lindi (IPAL) di TPA hanya berupa kolam pengendapan saja tanpa proses biologi atau proses kimia, masih berfungsi baik dan terawat.",1,ADA,Tidak ada. Gas Metana dibakar.,-
2025.0,Sumatera Utara,Kab. Humbang Hasundutan,22674.82,0.0,0.0,8660.15,38.19,8660.15,38.19,0.0,630.15,2.78,P 1,,2025.0,2.0,TPA Humbang Hasundutan,TPA Pemda (Non Regional),A,24655.75,22903.75,1551.25,200.75,0.0,0.0,Dusun Partortoran Desa Nagasaribu Kecamatan Lintongnihuta,Nagasaribu,Lintongnihuta,Pemda DATI II,3.5,Control Landfill,14 Februari 2020,-,4481,Manual Book,Ada dan berfungsi dengan baik,Tujuh hari sekali atau Seminggu Sekali,2,"Ada, Instalasi Pengolahan Air Lindi (IPAL) di TPA hanya berupa kolam pengendapan saja tanpa proses biologi atau proses kimia, masih berfungsi baik dan terawat.",2,ADA,Tidak ada. Gas Metana dibakar.,-
2025.0,Sumatera Utara,Kab. Nias,21678.52,0.0,0.0,474.5,2.19,474.5,2.19,0.0,474.5,2.19,P 1,,,,,,,,,,,,,,,,,,,,,,,,,,,,,,
2025.0,Sumatera Utara,Kab. Pakpak Bharat,8282.43,2236.34,27.0,364.15,4.4,2600.49,31.4,2236.34,364.15,31.4,P 1,,2025.0,1.0,TPA SIKOLING-KOLING,TPA Pemda (Non Regional),A,722.7,712.12,0.0,0.0,10.59,0.0,"DESA  SUKARAME, KECAMATAN KERAJAAN",,,Pemda DATI II,1,-,JANUARI 2017,18 September 2025,468,Manual Book,Tidak Ada,Sebulan sekali,-,Tidak ada Instalasi Pengolahan Air Lindi (IPAL) di TPA,-,TIDAK ADA,-,-
2025.0,Sumatera Utara,Kab. Pakpak Bharat,8282.43,2236.34,27.0,364.15,4.4,2600.49,31.4,2236.34,364.15,31.4,P 1,,2025.0,1.0,TPA KLOHI,TPA Pemda (Non Regional),A,2011.15,1994.36,0.0,0.0,16.79,0.0,"DESA SILIMA KUTA, KEC. TINADA, KAB.PAKPAK BHARAT",,,Pemda DATI II,2,-,23 Juli 2017,-,2678.97,Manual Book,Tidak Ada,Sebulan sekali,-,Tidak ada Instalasi Pengolahan Air Lindi (IPAL) di TPA,-,TIDAK ADA,-,-
2025.0,Sumatera Utara,Kab. Simalungun,194818.57,0.0,0.0,1385.18,0.71,1385.18,0.71,0.0,1385.18,0.71,P 1,,2025.0,2.0,TPA Marjandi Embong,TPA Pemda (Non Regional),A,50370.0,50348.1,21.9,0.0,0.0,0.0,Panombeian Panei,,,Pemda DATI II,14.08,Open Dumping,-,-,37500,Kombinasi timbangan dengan Komputer (excel / tidak otomatis),Ada tapi sedang rusak,Tiga atau Empat Bulan Sekali,2,"Ada, Instalasi Pengolahan Air Lindi (IPAL) di TPA hanya berupa kolam pengendapan saja tanpa proses biologi atau proses kimia, masih berfungsi baik dan terawat.",1,TIDAK ADA,-,-
,Sumatera Utara,Kab. Toba,,,,,,,,,,,,,2025.0,2.0,TPA Sijambur,TPA Pemda (Non Regional),A,1927.2,1927.2,0.0,0.0,0.0,0.0,Sijambur Desa Pardomuan,,,Pemda DATI II,0,Open Dumping,-,-,-,Manual Book,Tidak Ada,Setahun Sekali,-,Tidak ada Instalasi Pengolahan Air Lindi (IPAL) di TPA,-,ADA,-,-
,Sumatera Utara,Kab. Toba,,,,,,,,,,,,,2025.0,2.0,TPA Pintu Bosi,TPA Pemda (Non Regional),A,15417.6,15417.6,0.0,0.0,0.0,0.0,Jl. TPL Desa Pintu Bosi,,,Pemda DATI II,0,Open Dumping,-,-,-,Manual Book,Tidak Ada,Tidak ditutup sama sekali,-,-,-,TIDAK ADA,-,-
2025.0,Sumatera Utara,Kota Medan,635245.31,22467.74,3.54,589496.29,92.8,611964.02,96.34,22355.66,135020.18,24.77,P 1,,2025.0,1.0,TPA Terjun,TPA Pemda (Non Regional),A,454476.11,363846.61,109.5,0.0,90520.0,0.0,Jl. Marelan Raya Pasar V,Rengas Pulau,Medan Marelan,Pemda DATI II,14,Control Landfill,1993,-,70000,Kombinasi timbangan dengan Komputer (excel / tidak otomatis),Ada dan berfungsi dengan baik,Tujuh hari sekali atau Seminggu Sekali,1,-,-,ADA,-,-
2025.0,Sumatera Utara,Kota Tanjung Balai,34321.5,2158.75,6.29,4811.85,14.02,6970.61,20.31,2158.61,4811.85,20.31,P 1,,2025.0,2.0,TPA Tanjungbalai,TPA Pemda (Non Regional),A,24411.2,24075.4,7.3,10.95,317.55,0.0,Jln. H. M. Nur,,,Pemda DATI II,41236,Open Dumping,2009,-,5000,Kombinasi timbangan dengan Komputer (excel / tidak otomatis),Ada dan berfungsi dengan baik,-,3,"Ada, Instalasi Pengolahan Air Lindi (IPAL) di TPA hanya berupa kolam pengendapan saja tanpa proses biologi atau proses kimia, masih berfungsi baik dan terawat.",-,ADA,Tidak ada. Gas Metana dibakar.,-
